name,price,review,availability
Materac kieszeniowy Fauna 120x200,"-15% 619,00 zł",4.9(18),24 godziny
Materac kieszeniowy Fauna 140x200,"-15% 696,00 zł",5.0(16),24 godziny
Materac kieszeniowy Fauna 160x200,"-15% 769,00 zł",5.0(4),24 godziny
Materac kieszeniowy Fauna 90x200,"-15% 515,00 zł",4.7(7),24 godziny
Materac kieszeniowy Wenus 120x200 kokos,"-15% 665,00 zł",4.8(8),24 godziny
Materac kieszeniowy Wenus 140x200 kokos,"-15% 749,00 zł",5.0(16),24 godziny
Materac kieszeniowy Wenus 160x200 kokos,"-15% 829,00 zł",5.0(7),24 godziny
Materac kieszeniowy Wenus 90x200 kokos,"-15% 545,00 zł",5.0(6),24 godziny
Materac piankowy Megana 120x200,"-15% 279,00 zł",4.8(4),24 godziny
Materac piankowy Megana 140x200,"-15% 325,00 zł",4.4(5),24 godziny
Materac piankowy Megana 160x200,"-15% 365,00 zł",5.0(1),24 godziny
Materac piankowy Megana 80x200,"-15% 199,00 zł",,24 godziny
Materac piankowy Megana 90x200,"-15% 219,00 zł",5.0(2),24 godziny
Materac piankowy Bona 120x200 kokos,"469,00 zł",,24 godziny
Materac piankowy Bona 90x200 kokos,"379,00 zł",,24 godziny
Materac sprężynowy Solaro 120x200 kokos,"-15% 619,00 zł",,24 godziny
Materac sprężynowy Solaro 140x200 kokos,"-15% 695,00 zł",5.0(1),24 godziny
Materac sprężynowy Solaro 160x200 kokos,"-15% 775,00 zł",,24 godziny
Materac sprężynowy Solaro 90x200 kokos,"-15% 505,00 zł",,24 godziny
Materac kieszeniowy Atlanta 120x200 molet,"739,00 zł",5.0(3),24 godziny
Materac kieszeniowy Atlanta 140x200 molet,"829,00 zł",,24 godziny
Materac kieszeniowy Atlanta 160x200 molet,"925,00 zł",,24 godziny
Materac kieszeniowy Atlanta 90x200 molet,"609,00 zł",5.0(1),24 godziny
Materac kieszeniowy Foster 120x200 visco,"849,00 zł",,24 godziny
Materac kieszeniowy Foster 140x200 visco,"959,00 zł",5.0(1),24 godziny
Materac kieszeniowy Foster 160x200 visco,"1 075,00 zł",,24 godziny
Materac kieszeniowy Foster 90x200 visco,"689,00 zł",5.0(2),24 godziny
Materac kieszeniowy Foster Max 120x200 visco,"875,00 zł",,24 godziny
Materac kieszeniowy Foster Max 140x200 visco,"989,00 zł",,24 godziny
Materac kieszeniowy Foster Max 160x200 visco,"1 099,00 zł",5.0(1),24 godziny
Materac kieszeniowy Foster Max 90x200 visco,"699,00 zł",,24 godziny
Materac kieszeniowy Wenus Max 120x200 kokos,"759,00 zł",5.0(1),24 godziny
Materac kieszeniowy Wenus Max 140x200 kokos,"855,00 zł",5.0(2),24 godziny
Materac kieszeniowy Wenus Max 90x200 kokos,"615,00 zł",4.0(1),24 godziny
Materac piankowy Bona 140x200 kokos,"529,00 zł",5.0(2),24 godziny
Materac piankowy Bona 160x200 kokos,"595,00 zł",,24 godziny
Materac piankowy Lao 120x200 FAN lateks,"-20% 839,00 zł",5.0(1),24 godziny
Materac piankowy Lao 140x200 FAN lateks,"-20% 959,00 zł",5.0(1),24 godziny
Materac piankowy Lao 160x200 FAN lateks,"-20% 1 069,00 zł",,24 godziny
Materac piankowy Sefora 120x200 molet,"479,00 zł",5.0(1),24 godziny
Materac piankowy Sefora 140x200 molet,"539,00 zł",,24 godziny
Materac piankowy Sefora 160x200 molet,"599,00 zł",,24 godziny
Materac piankowy Sefora 90x200 molet,"389,00 zł",5.0(1),24 godziny
Materac piankowy wysokoelastyczny HR 120x200 Antares,"-15% 875,00 zł",,24 godziny
Materac piankowy wysokoelastyczny HR 140x200 Antares,"-15% 1 005,00 zł",5.0(1),24 godziny
Materac piankowy wysokoelastyczny HR 160x200 Antares,"-15% 1 129,00 zł",,24 godziny
Materac piankowy wysokoelastyczny HR 80x200 Antares,"-14% 675,00 zł",,24 godziny
Materac piankowy wysokoelastyczny HR 90x200 Antares,"-15% 675,00 zł",5.0(1),24 godziny
Materac termoelastyczny Dione 120x200 FAN visco,"-20% 769,00 zł",5.0(5),24 godziny
Materac termoelastyczny Dione 140x200 FAN visco,"-20% 879,00 zł",4.0(1),24 godziny
Materac termoelastyczny Dione 90x200 FAN visco,"-20% 605,00 zł",,24 godziny
Materac kieszeniowy Atena 120x200 kokos,"-15% 709,00 zł",4.8(6),24 godziny
Materac kieszeniowy Atena 140x200 kokos,"-15% 799,00 zł",5.0(6),24 godziny
Materac kieszeniowy Atena 160x200 kokos,"-15% 889,00 zł",5.0(7),24 godziny
Materac kieszeniowy Atena 90x200 kokos,"-15% 579,00 zł",5.0(4),24 godziny
Materac kieszeniowy Naos 120x200 lateks,"1 069,00 zł",5.0(1),24 godziny
Materac kieszeniowy Naos 140x200 lateks,"1 215,00 zł",,24 godziny
Materac kieszeniowy Naos 90x200 lateks,"865,00 zł",,24 godziny
Materac kieszeniowy Rodos 120x200 kokos + lateks,"925,00 zł",5.0(1),24 godziny
Materac kieszeniowy Rodos 140x200 kokos + lateks,"1 049,00 zł",4.0(1),24 godziny
Materac kieszeniowy Rodos 160x200 kokos + lateks,"1 175,00 zł",,24 godziny
Materac kieszeniowy Rodos 90x200 kokos + lateks,"745,00 zł",5.0(1),24 godziny
Materac kieszeniowy Selene 120x200 visco,"1 045,00 zł",4.0(1),24 godziny
Materac kieszeniowy Selene 140x200 visco,"1 185,00 zł",,24 godziny
Materac kieszeniowy Selene 160x200 visco,"1 329,00 zł",,24 godziny
Materac kieszeniowy Selene 90x200 visco,"839,00 zł",,24 godziny
Materac kieszeniowy Tasmania 120x200 kokos,"615,00 zł",5.0(2),24 godziny
Materac kieszeniowy Tasmania 140x200 kokos,"689,00 zł",5.0(3),24 godziny
Materac kieszeniowy Tasmania 160x200 kokos,"765,00 zł",,24 godziny
Materac kieszeniowy Tasmania 90x200 kokos,"509,00 zł",,24 godziny
Materac kieszeniowy Wega 120x200 visco,"1 035,00 zł",,24 godziny
Materac kieszeniowy Wega 140x200 visco,"1 169,00 zł",5.0(1),24 godziny
Materac kieszeniowy Wega 160x200 visco,"1 309,00 zł",5.0(2),24 godziny
Materac kieszeniowy Wega 90x200 visco,"835,00 zł",,24 godziny
Materac piankowy Bari 8*90*200,"185,00 zł",5.0(1),24 godziny
Materac piankowy Alan 120x200 visco,"899,00 zł",,24 godziny
Materac piankowy Alan 160x200 visco,"1 159,00 zł",,24 godziny
Materac piankowy Alan 80x200 visco,"699,00 zł",,24 godziny
Materac piankowy Aster 80x200 molet,"595,00 zł",,24 godziny
Materac piankowy Bari 120x200,"269,00 zł",5.0(3),24 godziny
Materac piankowy Bari 140x200,"309,00 zł",5.0(4),24 godziny
Materac piankowy Bari 160x200,"349,00 zł",5.0(2),24 godziny
Materac piankowy Bari 80x200,"165,00 zł",5.0(1),24 godziny
Materac piankowy Celesta 120x200 kokos molet,"-15% 575,00 zł",5.0(2),24 godziny
Materac piankowy Celesta 140x200 kokos molet,"-15% 649,00 zł",5.0(2),24 godziny
Materac piankowy Celesta 160x200 kokos molet,"-15% 725,00 zł",5.0(1),24 godziny
Materac piankowy Celesta 80x200 kokos molet,"-15% 435,00 zł",,24 godziny
Materac piankowy Celesta 90x200 kokos molet,"-15% 459,00 zł",4.0(1),24 godziny
Materac piankowy Dorado 120x200 lateks,"1 235,00 zł",5.0(1),24 godziny
Materac piankowy Dorado 140x200 lateks,"1 405,00 zł",,24 godziny
Materac piankowy Dorado 160x200 lateks,"1 575,00 zł",5.0(1),24 godziny
Materac piankowy Dorado 80x200 lateks,"969,00 zł",,24 godziny
Materac piankowy Dorado 90x200 lateks,"975,00 zł",,24 godziny
Materac piankowy Erato 120x200 visco,"895,00 zł",,24 godziny
Materac piankowy Erato 140x200 visco,"1 025,00 zł",5.0(1),24 godziny
Materac piankowy Erato 160x200 visco,"1 149,00 zł",,24 godziny
Materac piankowy Erato 80x200 visco,"679,00 zł",,24 godziny
Materac piankowy Hypnos 120x200 visco,"759,00 zł",5.0(1),24 godziny
Materac piankowy Hypnos 140x200 visco,"865,00 zł",,24 godziny
Materac piankowy Hypnos 160x200 visco,"969,00 zł",5.0(1),24 godziny
Materac piankowy Hypnos 80x200 visco,"575,00 zł",,24 godziny
Materac piankowy Hypnos 90x200 visco,"605,00 zł",,24 godziny
Materac piankowy Izar 120x200 kokos + molet,"895,00 zł",5.0(2),24 godziny
Materac piankowy Izar 140x200 kokos + molet,"1 009,00 zł",,24 godziny
Materac piankowy Izar 160x200 kokos + molet,"1 129,00 zł",,24 godziny
Materac piankowy Izar 90x200 kokos + molet,"719,00 zł",,24 godziny
Materac piankowy Kleo 60x120 visco,"199,00 zł",,24 godziny
Materac piankowy Klio 120x200,"785,00 zł",5.0(1),24 godziny
Materac piankowy Klio 140x200,"889,00 zł",,24 godziny
Materac piankowy Klio 80x200,"599,00 zł",,24 godziny
Materac piankowy Klio 90x200,"629,00 zł",,24 godziny
Materac piankowy Libra 120x200,"809,00 zł",,24 godziny
Materac piankowy Libra 140x200,"919,00 zł",5.0(1),24 godziny
Materac piankowy Libra 160x200,"1 029,00 zł",,24 godziny
Materac piankowy Libra 80x200,"609,00 zł",,24 godziny
Materac piankowy Libra 90x200,"639,00 zł",,24 godziny
Materac piankowy Lili 60x120 kokos + latex,"215,00 zł",,24 godziny
Materac piankowy Lulu 60x120 kokos + visco,"215,00 zł",,24 godziny
Materac piankowy Maja 60x120 latex,"199,00 zł",,24 godziny
Materac piankowy Milos 120x200 lateks,"895,00 zł",,24 godziny
Materac piankowy Milos 140x200 lateks,"1 019,00 zł",,24 godziny
Materac piankowy Milos 160x200 lateks,"1 149,00 zł",,24 godziny
Materac piankowy Milos 80x200 lateks,"675,00 zł",,24 godziny
Materac piankowy Milos 90x200 lateks,"699,00 zł",,24 godziny
Materac piankowy Mimi 60x120,"109,00 zł",,24 godziny
Materac piankowy Smyk 60x120 kokos,"155,00 zł",,24 godziny
Materac piankowy Star 60x120 latex + visco,"259,00 zł",,24 godziny
Materac piankowy Stratus 120x200,"889,00 zł",,24 godziny
Materac piankowy Stratus 140x200,"1 015,00 zł",,24 godziny
Materac piankowy Stratus 160x200,"1 139,00 zł",,24 godziny
Materac piankowy Stratus 80x200,"695,00 zł",,24 godziny
Materac piankowy Talia 120x200 lateks,"895,00 zł",,24 godziny
Materac piankowy Talia 140x200 lateks,"1 019,00 zł",,24 godziny
Materac piankowy Talia 160x200 lateks,"1 149,00 zł",,24 godziny
Materac piankowy Talia 80x200 lateks,"675,00 zł",,24 godziny
Materac piankowy Talia 90x200 lateks,"699,00 zł",,24 godziny
Materac piankowy wysokoelastyczny HR 80x200 + visco Kepler,"-15% 965,00 zł",,24 godziny
Materac piankowy wysokoelastyczny HR 90x200 + visco Kepler,"-15% 975,00 zł",,24 godziny
Materac sprężynowy Alma 120x200 visco memory,"705,00 zł",,24 godziny
Materac sprężynowy Alma 140x200 visco memory,"799,00 zł",,24 godziny
Materac sprężynowy Alma 160x200 visco memory,"889,00 zł",,24 godziny
Materac sprężynowy Alma 90x200 visco memory,"569,00 zł",,24 godziny
Materac sprężynowy Laura 160x200 kokos visco,"949,00 zł",,24 godziny
Materac sprężynowy Luna 120x200 kokos molet,"769,00 zł",5.0(1),24 godziny
Materac sprężynowy Luna 140x200 kokos molet,"859,00 zł",,24 godziny
Materac sprężynowy Luna 160x200 kokos molet,"955,00 zł",,24 godziny
Materac sprężynowy Luna 90x200 kokos molet,"525,00 zł",,24 godziny
Materac sprężynowy Magna 120x200,"489,00 zł",,24 godziny
Materac sprężynowy Magna 140x200,"545,00 zł",5.0(2),24 godziny
Materac sprężynowy Magna 160x200,"599,00 zł",5.0(2),24 godziny
Materac sprężynowy Magna 90x200,"405,00 zł",,24 godziny
Outlet - Materac kieszeniowy Naos 120x200 lateks,"-30% 749,00 zł",,24 godziny
Pokrowiec na materac Comfort pikowany 80x200,"57,00 zł",,24 godziny
Materac kieszeniowy Artemida 120x200 molet,"899,00 zł",5.0(1),24 godziny
Materac kieszeniowy Artemida 140x200 molet,"1 015,00 zł",,24 godziny
Materac kieszeniowy Artemida 160x200 molet,"1 129,00 zł",,24 godziny
Materac kieszeniowy Artemida 90x200 molet,"735,00 zł",,24 godziny
Materac kieszeniowy Atlanta Max 120x200 molet,"879,00 zł",,24 godziny
Materac kieszeniowy Atlanta Max 140x200 molet,"995,00 zł",,24 godziny
Materac kieszeniowy Atlanta Max 160x200 molet,"1 099,00 zł",,24 godziny
Materac kieszeniowy Atlanta Max 90x200 molet,"619,00 zł",,24 godziny
Materac kieszeniowy Atria 120x200 kokos + lateks,"1 115,00 zł",,24 godziny
Materac kieszeniowy Atria 140x200 kokos + lateks,"1 269,00 zł",5.0(1),24 godziny
Materac kieszeniowy Atria 160x200 kokos + lateks,"1 419,00 zł",,24 godziny
Materac kieszeniowy Atria 90x200 kokos + lateks,"899,00 zł",,24 godziny
Materac kieszeniowy Beta 120x200,"569,00 zł",,24 godziny
Materac kieszeniowy Beta 140x200,"635,00 zł",5.0(1),24 godziny
Materac kieszeniowy Beta 160x200,"705,00 zł",5.0(1),24 godziny
Materac kieszeniowy Beta 90x200,"475,00 zł",,24 godziny
Materac kieszeniowy Elena 120x200 kokos,"615,00 zł",5.0(1),24 godziny
Materac kieszeniowy Elena 140x200 kokos,"689,00 zł",,24 godziny
Materac kieszeniowy Elena 160x200 kokos,"765,00 zł",,24 godziny
Materac kieszeniowy Elena 90x200 kokos,"509,00 zł",,24 godziny
Materac kieszeniowy Evans 120x200,"875,00 zł",,24 godziny
Materac kieszeniowy Evans 140x200,"989,00 zł",,24 godziny
Materac kieszeniowy Evans 160x200,"1 105,00 zł",,24 godziny
Materac kieszeniowy Evans 90x200,"709,00 zł",,24 godziny
Materac kieszeniowy Fauna Max 120x200,"715,00 zł",,24 godziny
Materac kieszeniowy Fauna Max 140x200,"799,00 zł",5.0(1),24 godziny
Materac kieszeniowy Fauna Max 160x200,"885,00 zł",5.0(1),24 godziny
Materac kieszeniowy Fauna MAX 90x200,"579,00 zł",5.0(1),24 godziny
Materac kieszeniowy Korfu 120x200 lateks,"875,00 zł",,24 godziny
Materac kieszeniowy Korfu 140x200 lateks,"995,00 zł",,24 godziny
Materac kieszeniowy Korfu 160x200 lateks,"1 109,00 zł",5.0(2),24 godziny
Materac kieszeniowy Korfu 90x200 lateks,"709,00 zł",,24 godziny
Materac kieszeniowy Naos 160x200 lateks,"1 359,00 zł",,24 godziny
Materac kieszeniowy Wenus Max 160x200 kokos,"945,00 zł",,24 godziny
Materac piankowy Alan 140x200 visco,"1 029,00 zł",,24 godziny
Materac piankowy Alan 90x200 visco,"705,00 zł",,24 godziny
Materac piankowy Ariel 70x160 kokos,"235,00 zł",,24 godziny
Materac piankowy Ariel 80x160 kokos,"-15% 236,00 zł",5.0(4),24 godziny
Materac piankowy Ariel 80x190 kokos,"-15% 266,00 zł",,24 godziny
Materac piankowy Ariel 80x200 kokos,"-15% 266,00 zł",,24 godziny
Materac piankowy Ariel 90x200 kokos,"-15% 269,00 zł",5.0(1),24 godziny
Materac piankowy Aster 120x200 molet,"755,00 zł",,24 godziny
Materac piankowy Aster 140x200 molet,"859,00 zł",,24 godziny
Materac piankowy Aster 160x200 molet,"959,00 zł",,24 godziny
Materac piankowy Aster 90x200 molet,"599,00 zł",,24 godziny
Materac piankowy Atus 120x200,"605,00 zł",,24 godziny
Materac piankowy Atus 140x200,"689,00 zł",,24 godziny
Materac piankowy Atus 160x200,"779,00 zł",,24 godziny
Materac piankowy Atus 80x200,"465,00 zł",,24 godziny
Materac piankowy Atus 90x200,"469,00 zł",5.0(2),24 godziny
Materac piankowy Blanka 70x160 visco,"-15% 325,00 zł",,24 godziny
Materac piankowy Blanka 80x160 visco,"-15% 328,00 zł",,24 godziny
Materac piankowy Blanka 80x190 visco,"-15% 334,00 zł",,24 godziny
Materac piankowy Blanka 80x200 visco,"-15% 334,00 zł",,24 godziny
Materac piankowy Blanka 90x200 visco,"-15% 355,00 zł",,24 godziny
Materac piankowy Bona 80x200 kokos,"355,00 zł",,24 godziny
Materac piankowy Bufallo 120x200,"685,00 zł",,24 godziny
Materac piankowy Bufallo 140x200,"775,00 zł",,24 godziny
Materac piankowy Bufallo 160x200,"865,00 zł",,24 godziny
Materac piankowy Bufallo 80x200,"519,00 zł",,24 godziny
Materac piankowy Bufallo 90x200,"549,00 zł",,24 godziny
Materac piankowy Como Elastic 120x200,"409,00 zł",5.0(1),24 godziny
Materac piankowy Como Elastic 140x200,"475,00 zł",5.0(2),24 godziny
Materac piankowy Como Elastic 160x200,"535,00 zł",5.0(3),24 godziny
Materac piankowy Como Elastic 80x200,"315,00 zł",5.0(2),24 godziny
Materac piankowy Como Elastic 90x200,"319,00 zł",4.9(9),24 godziny
Materac piankowy Dia 120x200 FAN kokos,"-20% 719,00 zł",,24 godziny
Materac piankowy Dia 140x200 FAN kokos,"-20% 825,00 zł",5.0(2),24 godziny
Materac piankowy Dia 160x200 FAN kokos,"-20% 915,00 zł",5.0(1),24 godziny
Materac piankowy Dia 80x200 FAN kokos,"-20% 529,00 zł",5.0(1),24 godziny
Materac piankowy Dia 90x200 FAN kokos,"-20% 569,00 zł",,24 godziny
Materac piankowy Erato 90x200 visco,"709,00 zł",,24 godziny
Materac piankowy Estera 70x160 kokos + lateks,"-3% 389,00 zł",5.0(1),24 godziny
Materac piankowy Estera 80x160 kokos + lateks,"-4% 413,00 zł",5.0(7),24 godziny
Materac piankowy Estera 80x190 kokos + lateks,"-2% 439,00 zł",,24 godziny
Materac piankowy Estera 80x200 kokos + lateks,"439,00 zł",5.0(1),24 godziny
Materac piankowy Estera 90x200 kokos + lateks,"-0% 463,00 zł",,24 godziny
Materac piankowy Hati 120x200 FAN molet,"-20% 625,00 zł",5.0(1),24 godziny
Materac piankowy Hati 140x200 FAN molet,"-20% 705,00 zł",5.0(1),24 godziny
Materac piankowy Hati 160x200 FAN molet,"-20% 779,00 zł",5.0(2),24 godziny
Materac piankowy Hati 80x200 FAN molet,"-20% 459,00 zł",,24 godziny
Materac piankowy Hati 90x200 FAN molet,"-20% 495,00 zł",,24 godziny
Materac piankowy Hiacynt 70x160 kokos + visco,"-7% 379,00 zł",,24 godziny
Materac piankowy Hiacynt 80x160 kokos + visco,"-12% 382,00 zł",5.0(3),24 godziny
Materac piankowy Hiacynt 80x190 kokos + visco,"-11% 407,00 zł",,24 godziny
Materac piankowy Hiacynt 80x200 kokos + visco,"-12% 407,00 zł",,24 godziny
Materac piankowy Hiacynt 90x200 kokos + visco,"-12% 428,00 zł",,24 godziny
Materac piankowy Hugo 70x160 lateks,"-4% 335,00 zł",,24 godziny
Materac piankowy Hugo 80x160 lateks,"-4% 359,00 zł",5.0(1),24 godziny
Materac piankowy Hugo 80x190 lateks,"-4% 365,00 zł",,24 godziny
Materac piankowy Hugo 80x200 lateks,"-4% 365,00 zł",,24 godziny
Materac piankowy Hugo 90x200 lateks,"-4% 390,00 zł",,24 godziny
Materac piankowy Kale 120x200 FAN kokos,"-20% 645,00 zł",5.0(1),24 godziny
Materac piankowy Kale 140x200 FAN kokos,"-20% 735,00 zł",5.0(1),24 godziny
Materac piankowy Kale 160x200 FAN kokos,"-20% 809,00 zł",,24 godziny
Materac piankowy Kale 80x200 FAN kokos,"-20% 469,00 zł",,24 godziny
Materac piankowy Kale 90x200 FAN kokos,"-20% 509,00 zł",,24 godziny
Materac piankowy Klio 160x200,"999,00 zł",,24 godziny
Materac piankowy Korel 120x200 kokos,"429,00 zł",,24 godziny
Materac piankowy Korel 140x200 kokos,"475,00 zł",,24 godziny
Materac piankowy Korel 160x200 kokos,"525,00 zł",,24 godziny
Materac piankowy Korel 80x200 kokos,"315,00 zł",5.0(1),24 godziny
Materac piankowy Korel 90x200 kokos,"339,00 zł",5.0(3),24 godziny
Materac piankowy Lao 80x200 FAN lateks,"-20% 599,00 zł",,24 godziny
Materac piankowy Lao 90x200 FAN lateks,"-20% 655,00 zł",,24 godziny
Materac piankowy Leda 120x200 FAN,"-20% 465,00 zł",5.0(1),24 godziny
Materac piankowy Leda 140x200 FAN,"-20% 535,00 zł",5.0(2),24 godziny
Materac piankowy Leda 160x200 FAN,"-20% 589,00 zł",4.0(1),24 godziny
Materac piankowy Leda 80x200 FAN,"-20% 329,00 zł",,24 godziny
Materac piankowy Leda 90x200 FAN,"-20% 365,00 zł",,24 godziny
Materac piankowy Leon 70x160,"-15% 135,00 zł",,24 godziny
Materac piankowy Leon 80x160,"-13% 138,00 zł",,24 godziny
Materac piankowy Leon 80x190,"-12% 145,00 zł",5.0(3),24 godziny
Materac piankowy Leon 80x200,"-6% 145,00 zł",,24 godziny
Materac piankowy Mio 80x160,"-22% 145,00 zł",,24 godziny
Materac piankowy Monaco 120x200,"309,00 zł",5.0(2),24 godziny
Materac piankowy Monaco 140x200,"355,00 zł",4.7(3),24 godziny
Materac piankowy Monaco 160x200,"399,00 zł",4.0(1),24 godziny
Materac piankowy Monaco 80x200,"215,00 zł",,24 godziny
Materac piankowy Monaco 90x200,"239,00 zł",5.0(5),24 godziny
Materac piankowy Narvi 120x200 FAN molet,"-20% 699,00 zł",,24 godziny
Materac piankowy Narvi 140x200 FAN molet,"-20% 795,00 zł",,24 godziny
Materac piankowy Narvi 160x200 FAN molet,"-20% 879,00 zł",,24 godziny
Materac piankowy Narvi 80x200 FAN molet,"-20% 519,00 zł",,24 godziny
Materac piankowy Narvi 90x200 FAN molet,"-20% 555,00 zł",,24 godziny
Materac piankowy Neso 120x200 FAN lateks,"-20% 759,00 zł",,24 godziny
Materac piankowy Neso 140x200 FAN lateks,"-20% 869,00 zł",,24 godziny
Materac piankowy Neso 160x200 FAN lateks,"-20% 965,00 zł",,24 godziny
Materac piankowy Neso 80x200 FAN lateks,"-20% 545,00 zł",,24 godziny
Materac piankowy Neso 90x200 FAN lateks,"-20% 599,00 zł",,24 godziny
Materac piankowy Orion 70x160 kokos + molet,"-10% 305,00 zł",5.0(1),24 godziny
Materac piankowy Orion 80x160 kokos + molet,"-8% 308,00 zł",5.0(7),24 godziny
Materac piankowy Orion 80x190 kokos + molet,"-4% 345,00 zł",,24 godziny
Materac piankowy Orion 80x200 kokos + molet,"-5% 345,00 zł",,24 godziny
Materac piankowy Orion 90x200 kokos + molet,"-6% 348,00 zł",,24 godziny
Materac piankowy Parys 70x160 molet,"-15% 251,00 zł",,24 godziny
Materac piankowy Parys 80x160 molet,"-15% 254,00 zł",5.0(2),24 godziny
Materac piankowy Parys 80x190 molet,"-15% 272,00 zł",5.0(1),24 godziny
Materac piankowy Parys 80x200 molet,"-15% 272,00 zł",,24 godziny
Materac piankowy Parys 90x200 molet,"-15% 275,00 zł",,24 godziny
Materac piankowy Sefora 80x200 molet,"365,00 zł",,24 godziny
Materac piankowy Stratus 90x200,"705,00 zł",,24 godziny
Materac piankowy Tebe 120x200 FAN,"-20% 599,00 zł",,24 godziny
Materac piankowy Tebe 140x200 FAN,"-20% 679,00 zł",,24 godziny
Materac piankowy Tebe 160x200 FAN,"-20% 749,00 zł",,24 godziny
Materac piankowy Tebe 80x200 FAN,"-20% 439,00 zł",5.0(1),24 godziny
Materac piankowy Tebe 90x200 FAN,"-20% 475,00 zł",,24 godziny
Materac piankowy Teo 70x160,"-11% 169,00 zł",5.0(1),24 godziny
Materac piankowy Teo 80x160,"-10% 175,00 zł",,24 godziny
Materac piankowy Teo 80x190,"195,00 zł",,24 godziny
Materac piankowy Teo 80x200,"195,00 zł",,24 godziny
Materac piankowy Teo 90x200,"-3% 199,00 zł",5.0(3),24 godziny
Materac piankowy wysokoelastyczny HR 120x200 + lateks Syriusz,"-15% 1 179,00 zł",,24 godziny
Materac piankowy wysokoelastyczny HR 120x200 + visco Kepler,"-15% 1 235,00 zł",,24 godziny
Materac piankowy wysokoelastyczny HR 140x200 + lateks Syriusz,"-15% 1 355,00 zł",5.0(1),24 godziny
Materac piankowy wysokoelastyczny HR 140x200 + visco Kepler,"-15% 1 415,00 zł",,24 godziny
Materac piankowy wysokoelastyczny HR 160x200 + lateks Syriusz,"-15% 1 519,00 zł",,24 godziny
Materac piankowy wysokoelastyczny HR 160x200 + visco Kepler,"-15% 1 595,00 zł",,24 godziny
Materac piankowy wysokoelastyczny HR 80x200 + lateks Syriusz,"-15% 905,00 zł",,24 godziny
Materac piankowy wysokoelastyczny HR 90x200 + lateks Syriusz,"-15% 929,00 zł",,24 godziny
Materac sprężynowy Diana 120x200,"729,00 zł",,24 godziny
Materac sprężynowy Diana 140x200,"825,00 zł",,24 godziny
Materac sprężynowy Diana 160x200,"915,00 zł",,24 godziny
Materac sprężynowy Diana 90x200,"589,00 zł",,24 godziny
Materac sprężynowy Laura 120x200 kokos visco,"749,00 zł",,24 godziny
Materac sprężynowy Laura 140x200 kokos visco,"849,00 zł",,24 godziny
Materac sprężynowy Laura 90x200 kokos visco,"599,00 zł",,24 godziny
Materac sprężynowy Midea 120x200 molet,"715,00 zł",,24 godziny
Materac sprężynowy Midea 140x200 molet,"799,00 zł",,24 godziny
Materac sprężynowy Midea 160x200 molet,"885,00 zł",,24 godziny
Materac sprężynowy Midea 90x200 molet,"489,00 zł",,24 godziny
Materac sprężynowy Palmea 120x200 kokos,"535,00 zł",,24 godziny
Materac sprężynowy Palmea 140x200 kokos,"599,00 zł",,24 godziny
Materac sprężynowy Palmea 160x200 kokos,"659,00 zł",,24 godziny
Materac sprężynowy Palmea 90x200 kokos,"439,00 zł",,24 godziny
Materac sprężynowy Stella 120x200,"575,00 zł",4.5(2),24 godziny
Materac sprężynowy Stella 140x200,"645,00 zł",5.0(1),24 godziny
Materac sprężynowy Stella 160x200,"715,00 zł",5.0(1),24 godziny
Materac sprężynowy Stella 90x200,"469,00 zł",,24 godziny
Materac termoelastyczny Dione 160x200 FAN visco,"-20% 975,00 zł",4.5(2),24 godziny
Materac termoelastyczny Dione 80x200 FAN visco,"-20% 569,00 zł",,24 godziny
Materac termoelastyczny Tytan 120x200 FAN visco,"-20% 845,00 zł",,24 godziny
Materac termoelastyczny Tytan 140x200 FAN visco,"-20% 969,00 zł",5.0(1),24 godziny
Materac termoelastyczny Tytan 160x200 FAN visco,"-20% 1 079,00 zł",4.5(4),24 godziny
Materac termoelastyczny Tytan 80x200 FAN visco,"-20% 625,00 zł",,24 godziny
Materac termoelastyczny Tytan 90x200 FAN visco,"-20% 659,00 zł",,24 godziny
Materac Turystyczny składany 65x195cm Zet1 + torba,"-22% 155,00 zł",5.0(2),3 dni roboczych
Materac Turystyczny składany 80x195cm Zet2 + torba,"-14% 205,00 zł",,3 dni roboczych
Materac wysokoelastyczny Elara 120x200 FAN,"-20% 835,00 zł",,24 godziny
Materac wysokoelastyczny Elara 140x200 FAN,"-20% 955,00 zł",,24 godziny
Materac wysokoelastyczny Elara 160x200 FAN,"-20% 1 059,00 zł",,24 godziny
Materac wysokoelastyczny Elara 80x200 FAN,"-20% 625,00 zł",,24 godziny
Materac wysokoelastyczny Elara 90x200 FAN,"-20% 659,00 zł",,24 godziny
Materac wysokoelastyczny Skadi 120x200 FAN,"-20% 759,00 zł",,24 godziny
Materac wysokoelastyczny Skadi 140x200 FAN,"-20% 865,00 zł",,24 godziny
Materac wysokoelastyczny Skadi 160x200 FAN,"-20% 959,00 zł",,24 godziny
Materac wysokoelastyczny Skadi 80x200 FAN,"-20% 565,00 zł",,24 godziny
Materac wysokoelastyczny Skadi 90x200 FAN,"-20% 599,00 zł",,24 godziny
Nakładka Lateksowa 120x200,"425,00 zł",,24 godziny
Nakładka Lateksowa 140x200,"479,00 zł",,24 godziny
Nakładka Lateksowa 160x200,"545,00 zł",,24 godziny
Nakładka Lateksowa 80x200,"299,00 zł",,24 godziny
Nakładka Lateksowa 90x200,"325,00 zł",,24 godziny
Nakładka piankowa 120x200,"175,00 zł",,24 godziny
Nakładka piankowa 140x200,"205,00 zł",,24 godziny
Nakładka piankowa 160x200,"225,00 zł",,24 godziny
Nakładka piankowa 80x200,"279,00 zł",,24 godziny
Nakładka piankowa 90x200,"149,00 zł",,24 godziny
Nakładka RLK 120x200,"389,00 zł",,24 godziny
Nakładka RLK 140x200,"439,00 zł",,24 godziny
Nakładka RLK 160x200,"489,00 zł",,24 godziny
Nakładka RLK 80x200,"299,00 zł",,24 godziny
Nakładka RLK 90x200,"305,00 zł",,24 godziny
Nakładka Visco 120x200,"365,00 zł",,24 godziny
Nakładka Visco 140x200,"415,00 zł",,24 godziny
Nakładka Visco 160x200,"469,00 zł",,24 godziny
Nakładka Visco 80x200,"279,00 zł",,24 godziny
Nakładka Visco 90x200,"289,00 zł",,24 godziny
Outlet - Materac piankowy Leon 80x200,"-30% 109,00 zł",,24 godziny
Outlet - Materac termoelastyczny Tytan 140x200 FAN visco,"-30% 849,00 zł",,24 godziny
Outlet - Materac termoelastyczny Tytan 160x200 FAN visco,"-30% 945,00 zł",,24 godziny
Poduszka gładka,"75,00 zł",,24 godziny
Pokrowiec na materac Comfort pikowany 120x200,"72,00 zł",5.0(1),24 godziny
Pokrowiec na materac Comfort pikowany 160x200,"86,00 zł",1.0(1),24 godziny
Pokrowiec na materac Comfort pikowany 90x200,"62,00 zł",5.0(1),24 godziny
Pokrowiec na materac Comfort pikowany 140x200,"79,00 zł",5.0(4),24 godziny
Pokrowiec na materac gruby Aloe Vera 160x200,"165,00 zł",4.9(13),24 godziny
Pokrowiec na materac gruby Aloe Vera 90x200,"109,00 zł",,24 godziny
Pokrowiec na materac gruby Aloe Vera 120x200,"132,00 zł",5.0(2),24 godziny
Pokrowiec na materac gruby Aloe Vera 140x200,"149,00 zł",5.0(5),24 godziny
Pokrowiec na materac gruby Aloe Vera 80x200,"103,00 zł",,24 godziny
Pokrowiec na materac gruby Bamboo 120x200,"185,00 zł",,24 godziny
Pokrowiec na materac gruby Bamboo 140x200,"205,00 zł",5.0(2),24 godziny
Pokrowiec na materac gruby Bamboo 160x200,"225,00 zł",5.0(1),24 godziny
Pokrowiec na materac gruby Bamboo 80x200,"139,00 zł",,24 godziny
Pokrowiec na materac gruby Bamboo 90x200,"149,00 zł",,24 godziny
Pokrowiec na materac gruby Jersey pikowany 120x200,"105,00 zł",,24 godziny
Pokrowiec na materac gruby Jersey pikowany 140x200,"115,00 zł",5.0(3),24 godziny
Pokrowiec na materac gruby Jersey pikowany 160x200,"127,00 zł",5.0(3),24 godziny
Pokrowiec na materac gruby Jersey pikowany 80x200,"81,00 zł",5.0(2),24 godziny
Pokrowiec na materac gruby Jersey pikowany 90x200,"88,00 zł",5.0(1),24 godziny
Pokrowiec na materac gruby Silver Life 120x200,"185,00 zł",,24 godziny
Pokrowiec na materac gruby Silver Life 140x200,"205,00 zł",5.0(1),24 godziny
Pokrowiec na materac gruby Silver Life 160x200,"225,00 zł",5.0(1),24 godziny
Pokrowiec na materac gruby Silver Life 80x200,"139,00 zł",,24 godziny
Pokrowiec na materac gruby Silver Life 90x200,"149,00 zł",5.0(1),24 godziny
Pokrowiec na materac Toria 120x200,"43,00 zł",,24 godziny
Pokrowiec na materac Toria 140x200,"48,00 zł",,24 godziny
Pokrowiec na materac Toria 160x200,"54,00 zł",,24 godziny
Pokrowiec na materac Toria 80x200,"35,00 zł",5.0(1),24 godziny
Pokrowiec na materac Toria 90x200,"39,00 zł",,24 godziny
