text,name,date
"Wszystko w porzÄ…dku Bardzo dobry materac, sztywny = nie ""toniemy"" w nim.",vesteroey,"09 lis, 2024"
"Przyzwoity materac w dobrej cenie Ten twardy materac, jest dla mnie ciut za miÄ™kki, ale nie moÅ¼na mieÄ‡ wszystkiego za takÄ… cenÄ™.",vesteroey,"04 paÅº, 2024"
Super Wygodny i komfortowy,vesteroey,"14 wrz, 2024"
"Materac VESTEROY Åšwietny materac taki chciaÅ‚em, poprzedni teÅ¼ kupiÅ‚em w IKEI. TwardoÅ›Ä‡ w sam raz dla mnie",vesteroey,"07 wrz, 2024"
"Niezawodny Jak zawsze materace z Ikea sÄ… dobre, trwaÅ‚e, wygodne i niezawodne",vesteroey,"10 sie, 2024"
"Materac SprÄ™Å¼ynowy, Å›rednio twardyâ€¦idealnie dopasowany do uÅ¼ytkownika dziÄ™ki wsparciu obsÅ‚ugi klienta sklepu Ikea Katowice",vesteroey,"08 sie, 2024"
Dobre do leÅ¼enia Wygodny materac,vesteroey,"04 sie, 2024"
Rewelacyjny Bardzo wygodny materac,vesteroey,"22 lip, 2024"
DoskonaÅ‚y Bardzo wygodny materac. Åšwietna jakoÅ›Ä‡. Jestem bardzo zadowolona i polecam.,vesteroey,"20 lip, 2024"
"Bardzo wygodny Åšwietny stosunek jakoÅ›ci do ceny, bardzo wygodny. porzÄ…dny materac.",vesteroey,"24 cze, 2024"
Åšwietny Bardzo wygodnie siÄ™ na nim Å›pi. MiÄ™kkoÅ›Ä‡ dla mnie w sam raz.,vesteroey,"23 cze, 2024"
Bardzo wygodny Materac speÅ‚niajÄ…cy moje oczekiwania w 100%,vesteroey,"17 maj, 2024"
Materac Materac dla cÃ³rki. Wygodny.,vesteroey,"17 maj, 2024"
"Polecam Polecam tÄ… werie materacy. Jest wystarczajÄ…co twardy. Mamy juÅ¼ w innym rozmiarze, wygodnie siÄ™ na nim Å›pi.",vesteroey,"11 maj, 2024"
"udany zakup Materac twardy, bardzo wygodny. Po miesiÄ…cu uÅ¼ytkowania super siÄ™ dostosowaÅ‚.",vesteroey,"10 maj, 2024"
Udany zakup WymieniÅ‚am materac z twardego na Å›rednio twardy i znaczÄ…co poprawiÅ‚ siÄ™ komfort spania. Udany zakup,vesteroey,"09 maj, 2024"
"Polecam materac Materac b. dobrej jakoÅ›ci. JeÅ›li ktoÅ› szuka twardego materaca, to ten jest naprawdÄ™ twardy",vesteroey,"08 maj, 2024"
Dla dziecka dobry Kupiony dla dziecka przy wadze niecaÅ‚e 20 kg . Sama siadajÄ…c na niego zapadam siÄ™ / 59kg/ . Dla dzieci ok albo okazjonalnie do spania .,vesteroey,"26 kwi, 2024"
Materac Bardzo wygodny. Polecam,vesteroey,"26 mar, 2024"
"Materac Bardzo wygodny , bardzo dobrej jakoÅ›ci, Å‚atwy do czyszczenia . Polecam ten sprzezynowy materac .",vesteroey,"20 mar, 2024"
Materac bonelowy Fantastyczny materac. Wygodny! Estetyczne wykonanie.,vesteroey,"11 mar, 2024"
Materac na 5+ Bardzo wygodny i idealnie twardy. Bardzo dobry zakup. Polecam!,vesteroey,"04 mar, 2024"
Bardzo wygodny materac Materac Å›redniotwardy taki jak chciaÅ‚am. Bardzo wygodny.,vesteroey,"20 lut, 2024"
Zgodny z opisem Materac zgodny z opisem. Polecam,vesteroey,"20 lut, 2024"
Super wybÃ³r Materac sprawdza siÄ™ Å›wietnie:),vesteroey,"12 lut, 2024"
Super materac ZaleÅ¼aÅ‚o mi na materacu bardziej twardym niÅ¼ te zwykle h3 i ten naprawdÄ™ jest super. Na poczÄ…tku moze siÄ™ wydawaÄ‡ nawet za bardzo twardy ale po miesiÄ…cu jest idealny,vesteroey,"04 lut, 2024"
"Åšwietny materac Bardzo wygodny materac, wybraliÅ›my Å›rednio twardy, ale wszystko zaleÅ¼y od indywidualnych preferencji. PorzÄ…dnie wykonany.",vesteroey,"03 lut, 2024"
"Wygodny Wygodny materac, spoko cena",vesteroey,"01 lut, 2024"
10/10 Bardzo wygodny,vesteroey,"25 sty, 2024"
Materac Bardzo wygodny,vesteroey,"24 sty, 2024"
"Materac vesteroy - twardy, jak dla mnie zbyt twardy. JakoÅ›ciowo bardzo dobry, jednakÅ¼e dla mnie za twardy. DziÄ™ki moÅ¼liwoÅ›ci wymiany - wymieniliÅ›my na valevag twardy ( posiada strefy komfortu) i teraz dopiero siÄ™ wysypiam.",vesteroey,"22 sty, 2024"
"Bardzo dobry zakup Wygodne, piÄ™knie wykonane i co waÅ¼ne odpowiada opisowi produktu. serdecznie polecam",vesteroey,"04 sty, 2024"
Jestem zadowolona z zakupu Polecam,vesteroey,"14 gru, 2023"
Materac Jest bardzo wygodny materac,vesteroey,"02 gru, 2023"
polecam bardzo wygodny materac. dzieciaki zadowolone,vesteroey,"29 lis, 2023"
"Fantastyczne Bardzo wygodne. ZastanawiaÅ‚am siÄ™ czy siÄ™ szybko nie odksztaÅ‚ci, natomiast korzystam od poÅ‚owy sierpnia i nie dzieje siÄ™ nic zÅ‚ego. Poza tym cena teÅ¼ jest bardzo atrakcyjna. Jest tak zapakowany, Å¼e bez problemu moÅ¼na przewieÅºÄ‡ samochodem.",vesteroey,"26 lis, 2023"
super porzÄ…dny materac bardzo wygodny,vesteroey,"25 lis, 2023"
"wygodny ale marszczÄ…cy siÄ™ materac wygodny. niestety marszczy siÄ™ a powÅ‚oka ""kulkuje""",vesteroey,"23 lis, 2023"
"Wygodny, estetycznie wykonany. MaÅ‚y minus Wygodny, estetycznie wykonany. MaÅ‚y minus - jak dla mnie jeszcze trochÄ™ za miÄ™kki ğŸ™‚",vesteroey,"17 lis, 2023"
materac jest Å›wietny,vesteroey,"17 lis, 2023"
Materac pomimo Å›redniej twardoÅ›ci nie Materac pomimo Å›redniej twardoÅ›ci nie rÃ³Å¼ni siÄ™ od twardego minÄ™Å‚y 3 miesiÄ…ce a my nadal z mÄ™Å¼em nie mamy przespanej nocy.,vesteroey,"14 lis, 2023"
"Materac Å›erdnio twardy Bardzo wygodny, jedyny mankament to miÄ™kkie, nieusztywnione boki (nie moÅ¼na usiÄ…Å›Ä‡ na brzegu, bo siÄ™ zjeÅ¼dÅ¼a).",vesteroey,"13 lis, 2023"
Bardzo wygodnie siÄ™ Å›pi Bardzo wygodnie siÄ™ Å›pi,vesteroey,"12 lis, 2023"
DziaÅ‚a. Po dwÃ³ch zmianach Å›pi DziaÅ‚a. Po dwÃ³ch zmianach Å›pi siÄ™ idealnie.,vesteroey,"08 lis, 2023"
Materac wygodny ale jego rozmiar Materac wygodny ale jego rozmiar nie zgadza siÄ™ z etykietÄ…. PoniewaÅ¼ ma 138 cm szerokoÅ›ci i 198 dÅ‚ugoÅ›ci.,vesteroey,"07 lis, 2023"
Super wygodny! Polecam! Super wygodny! Polecam!,vesteroey,"02 lis, 2023"
"Materac bardzo wygodny, to juÅ¼ Materac bardzo wygodny, to juÅ¼ drugi w moim domu z tej serii",vesteroey,"01 lis, 2023"
Polecam ! Åšwietna jakoÅ›Ä‡ w dobrej cenie . TwardoÅ›Ä‡ idealna dla 2 osÃ³b .,vesteroey,"24 paÅº, 2023"
"Produkt jest ok. Zgodny z Produkt jest ok. Zgodny z oczekiwaniami, cena atrakcyjna.",vesteroey,"23 paÅº, 2023"
Materaz VesterÃ¶y Bardzo wygodny materac. Oczywiscie warto przed zakupem poÅ‚oÅ¼yc sie w sklepie na kilku aby oceniÄ‡ ktÃ³ry nam najbardziek pasuje. Polecam,vesteroey,"22 paÅº, 2023"
Materac jest na prawdÄ™ wygodny Materac jest na prawdÄ™ wygodny i wyglÄ…d teÅ¼ ok.,vesteroey,"19 paÅº, 2023"
"Materac Bardzo dobry jakoÅ›ciowo materac. Poziom twardoÅ›ci: Å›rednio-twardy. Jak dla mnie idealny, polecam.",vesteroey,"17 paÅº, 2023"
"Materac niezÅ‚y. Nie jest najlepszym Materac niezÅ‚y. Nie jest najlepszym na Å›wiecie, ale ma dobrÄ… relacjÄ™ jakoÅ›ci do ceny. OgÃ³lnie polecam!!!",vesteroey,"16 paÅº, 2023"
"Materac Super, wygodny polecam.",vesteroey,"15 paÅº, 2023"
Å›wietny stosunek jakoÅ›ci do ceny. Å›wietny stosunek jakoÅ›ci do ceny. polecam,vesteroey,"13 paÅº, 2023"
polecam wygodny,vesteroey,"12 paÅº, 2023"
Super produkt. Super produkt.,vesteroey,"12 paÅº, 2023"
Wygodny Bardzo wygodny,vesteroey,"11 paÅº, 2023"
JeÅ›li ktoÅ› potrzebuje twardy materac JeÅ›li ktoÅ› potrzebuje twardy materac to polecam. Szybki w montaÅ¼u. Estetyczny wyglÄ…d. Polecam,vesteroey,"11 paÅº, 2023"
Polecam! Polecam!,vesteroey,"11 paÅº, 2023"
ok ok,vesteroey,"09 paÅº, 2023"
"Bardzo wygodny Materac kupiÅ‚em dla cÃ³rki ale jest tak wygodny, Å¼e chÄ™tnie na nim leÅ¼Ä™ a kilka razy zasnÄ…Å‚em nawet przypadkiem",vesteroey,"07 paÅº, 2023"
ta twardoÅ›Ä‡ mi odpowiada ta twardoÅ›Ä‡ mi odpowiada,vesteroey,"05 paÅº, 2023"
Materac Wygodny,vesteroey,"04 paÅº, 2023"
"materac Materac wygodny, dobrej jakoÅ›ci",vesteroey,"03 paÅº, 2023"
Jest super! Jest super!,vesteroey,"02 paÅº, 2023"
Materac Do dziÅ› jestem zadowolona z materaca,vesteroey,"01 paÅº, 2023"
"Rewelacyjny DoskonaÅ‚y, Å›wietnie siÄ™ Å›pi",vesteroey,"27 wrz, 2023"
Ok Ok,vesteroey,"23 wrz, 2023"
Materac na Å‚Ã³Å¼ko Bardzo fajnie mi siÄ™ na nim Å›pi. Polecam,vesteroey,"23 wrz, 2023"
"Wygodny, dosyÄ‡ twardy tak jak Wygodny, dosyÄ‡ twardy tak jak lubiÄ™.",vesteroey,"22 wrz, 2023"
Wszystko w porzÄ…dku Wszystko w porzÄ…dku,vesteroey,"18 wrz, 2023"
Wygodny Wygodny,vesteroey,"15 wrz, 2023"
Super Super,vesteroey,"13 wrz, 2023"
"Twardy, wygodny speÅ‚nia moje oczekiwania. Twardy, wygodny speÅ‚nia moje oczekiwania.",vesteroey,"11 wrz, 2023"
Bardzo wygodny Bardzo wygodny,vesteroey,"08 wrz, 2023"
"Bardzo dobry wybÃ³r Materac twardy, ale bardzo wygodny, wÅ‚aÅ›nie o taki mi chodziÅ‚o. Jestem bardzo zadowolona.",vesteroey,"04 sie, 2023"
Polecamâ¤ï¸ Polecamâ¤ï¸,vesteroey,"04 lip, 2023"
"Polecam Polecam, bardzo wygodny materac.",vesteroey,"04 lip, 2023"
"Materac MiaÅ‚ siÄ™ nie zapadaÄ‡ pod moim ciÄ™Å¼arem, a jednak siÄ™ zapada i to doÅ›Ä‡ sporo. A waÅ¼Ä™ 47 kg wiec mniej niÅ¼ jest to oferowane. Ale generalnie wygodny :)",vesteroey,"02 lip, 2023"
Bardzo wygodny Bardzo wygodny,vesteroey,"28 cze, 2023"
Materac dla mÅ‚odzieÅ„ca Generalnie mÅ‚odemu chÅ‚opakowi Å›pi siÄ™ znacznie bardziej komfortowo niÅ¼ na podobnym materacu z Jyska,vesteroey,"27 cze, 2023"
"Dobry materac w dobrej cenie Dba o komfort snu i zapewnia dobrze wyspane noce. Jestem naprawdÄ™ zadowolona z jego zakupu i wcale nie trzeba wydawaÄ‡ kroci, by mÃ³c zadbaÄ‡ o swoje ciaÅ‚o w Å›nie!:)",vesteroey,"26 cze, 2023"
"Ok Jest wygodny, ale po 3 miesiÄ…cach chyba trudno oczekiwaÄ‡ czegoÅ› innego. Niestety przesuwa siÄ™ na stelaÅ¼u Å‚Ã³Å¼ka. Jest teÅ¼ niÅ¼szy niÅ¼ mÃ³j poprzedni materac (takÅ¼e Å›redniak z Ikei) i ma moim zdaniem bardziej tandetny wyglÄ…d. W rogach ma wyczuwalne sprÄ™Å¼yny, moÅ¼na siÄ™ uderzyÄ‡, bo nie ma miÄ™ciutkich poduszek zabezpieczajÄ…cych rogi. Czy kupiÅ‚abym ponownie? ByÄ‡ moÅ¼e, ale na pewno uwaÅ¼niej obejrzaÅ‚abym wczeÅ›niej inne materace.",vesteroey,"26 cze, 2023"
Super Super wygodny,vesteroey,"26 cze, 2023"
Materac twardy czyli taki jakiego Materac twardy czyli taki jakiego potrzebowaÅ‚em ja i moja maÅ‚Å¼onka. Pomimo rÃ³Å¼nicy wagi pomiÄ™dzy nami nie ma problemu z zapadaniem siÄ™ materaca. MogÄ™ poleciÄ‡ tym ktÃ³rzy lubiÄ… twarde materace.,vesteroey,"24 cze, 2023"
Produkt speÅ‚niÅ‚ moje oczekiwanie Produkt speÅ‚niÅ‚ moje oczekiwanie,vesteroey,"23 cze, 2023"
Wygodny materac Wygodny materac,vesteroey,"19 cze, 2023"
Vesteroy Åšwietny materac. Po pierwszych kilku nocach na prawdÄ™ wydawaÅ‚ mi siÄ™ twardy natomiast po 3 miesiÄ…cach uÅ¼ytkowania mogÄ™ go poleciÄ‡ z czystym sumieniemğŸ˜€Bardzo wygodny zachowuje swÃ³j ksztaÅ‚t,vesteroey,"14 cze, 2023"
Jest ok. Jest ok.,vesteroey,"09 cze, 2023"
Wygodny Wygodny,vesteroey,"08 cze, 2023"
Polecam. Polecam.,vesteroey,"05 cze, 2023"
Wszystko ok Wszystko ok,vesteroey,"01 cze, 2023"
Polecam Polecam,vesteroey,"28 maj, 2023"
Materac Materac,vesteroey,"24 maj, 2023"
Super produkt Zgodny z opiem,vesteroey,"22 maj, 2023"
Super Super,vesteroey,"19 maj, 2023"
Materac jest Å›wietny Å›pi siÄ™ Materac jest Å›wietny Å›pi siÄ™ superowo. WczeÅ›niej kupiÅ‚em materac innego producenta i musiaÅ‚em odesÅ‚aÄ‡ poniewaÅ¼ po dwÃ³ch tyg. zaczÄ™Å‚y siÄ™ pokazywaÄ‡ wygniecenia. Pozdrawiam Å¼yczÄ™ wszystkiego dobrego LB.,vesteroey,"17 maj, 2023"
Bardzo wygodny materacyk... Bardzo wygodny materacyk...,vesteroey,"11 maj, 2023"
W koÅ„cu zaczÄ…Å‚em siÄ™ wysypiaÄ‡ W koÅ„cu zaczÄ…Å‚em siÄ™ wysypiaÄ‡,vesteroey,"10 maj, 2023"
wygodniutki sen na nim jest bajkÄ…,vesteroey,"05 maj, 2023"
Bardzo wygodny materac :) Za Bardzo wygodny materac :) Za tÄ… cenÄ™ prawdziwa petarda!,vesteroey,"27 kwi, 2023"
Materac 140 * 200cm Jestem zachwycona! Super jakoÅ›Ä‡ i wygoda!,vesteroey,"27 kwi, 2023"
Materac Ok,vesteroey,"23 kwi, 2023"
Polecam Polecam,vesteroey,"21 kwi, 2023"
Za twardy Åšrednio wygodny,vesteroey,"19 kwi, 2023"
Bardzo dobry materac godny polecenia. Bardzo dobry materac godny polecenia.,vesteroey,"18 kwi, 2023"
"Wygodny Jestem zadowolona z zakupu,materac jest wygodny",vesteroey,"13 kwi, 2023"
"Super Polecam mega wygodny, cena przystepna",vesteroey,"11 kwi, 2023"
REWELACJA! REWELACJA!,vesteroey,"07 kwi, 2023"
"Przyzwoity materac, za dostepna cene. Przyzwoity materac, za dostepna cene.",vesteroey,"06 kwi, 2023"
Materac Å›redniotwardy okazaÅ‚ siÄ™ doÅ›Ä‡ miÄ™kki ale... jest bardzo wygodny tylko pomiÄ™dzy nim a ramÄ… Å‚Ã³Å¼ka spora szpara. MoÅ¼e lepiej dopasowany do inne ramy.,vesteroey,"05 kwi, 2023"
Ok Ok,vesteroey,"04 kwi, 2023"
"Bardzo wygodny Materac jest bardzo wygodny, twardy.",vesteroey,"03 kwi, 2023"
Jak dla mnie za miÄ™kki Jak dla mnie za miÄ™kki ale kupiÅ‚am dla dziecka i jest super â˜ºï¸,vesteroey,"02 kwi, 2023"
Super ! Super !,vesteroey,"31 mar, 2023"
"Materac Bardzo dobrej jakoÅ›ci, przede wszystkim bardzo wygodny",vesteroey,"31 mar, 2023"
Åšwietna jakoÅ›Ä‡ Åšwietna jakoÅ›Ä‡,vesteroey,"30 mar, 2023"
Idealny Materac idealny! Polecam.,vesteroey,"28 mar, 2023"
Matrass â€¢ Åadny produkt,vesteroey,"28 mar, 2023"
Wygodny materac â€¦ Materac bardzo wygodny â€¦.,vesteroey,"19 mar, 2023"
"polecam serdecznie, bardzo dobra jakoÅ›Ä‡ polecam serdecznie, bardzo dobra jakoÅ›Ä‡ i wygoda",vesteroey,"16 mar, 2023"
ok wygodny,vesteroey,"15 mar, 2023"
"MATERAC wygodny, nie ugniata siÄ™",vesteroey,"13 mar, 2023"
Fajny Polecam,vesteroey,"09 mar, 2023"
"Wygodny, gruby MÃ³gÅ‚by byÄ‡ odrobinÄ™ bardziej miÄ™kki, ale to kwestia gustu. Szybko siÄ™ odksztaÅ‚ciÅ‚ po rozwiniÄ™ciu, nawet przed 72 godzinÄ….",vesteroey,"08 mar, 2023"
Materac siÄ™ sprawdzil Materac siÄ™ sprawdzil,vesteroey,"04 mar, 2023"
ok ok,vesteroey,"27 lut, 2023"
Pozytywna Bardzo wygodny,vesteroey,"25 lut, 2023"
Pozytywna Bardzo wygodny,vesteroey,"23 lut, 2023"
"Bardzo wygodny materac, nie odksztaÅ‚ca Bardzo wygodny materac, nie odksztaÅ‚ca siÄ™.",vesteroey,"23 lut, 2023"
Wygodny materac Po wczeÅ›niejszych poraÅ¼kach z podrÃ³bami z aledrogo postawiÅ‚em na sprawdzonÄ… firmÄ™.,vesteroey,"18 lut, 2023"
"Wygodny materac, godny polecenia. Wygodny materac, godny polecenia.",vesteroey,"09 lut, 2023"
Polecam Wszystko w porzÄ…dku. Polecam,vesteroey,"08 lut, 2023"
Bardzo dobry i wygodny materac Bardzo dobry i wygodny materac,vesteroey,"06 lut, 2023"
"Materac Bardzo wygodny, takiego szukaÅ‚am",vesteroey,"05 lut, 2023"
"bardzo dobry materac szczerze polecam, bardzo wygodny i super siÄ™ Å›pi :) ma jednÄ… wadÄ™, bo nie chce siÄ™ z niego rano wyjÅ›Ä‡ :):):)",vesteroey,"03 lut, 2023"
Polecam Bardzo wygodny! Åšwietna jakoÅ›Ä‡!,vesteroey,"01 lut, 2023"
Polecam Bardzo wygodny! Polecam!,vesteroey,"01 lut, 2023"
"Super Super wygodny, idealny jeÅ›li chodzi o twardoÅ›Ä‡. Pokrowiec bardzo trudno siÄ™ zdejmuje, bÄ™dÄ…c w poÅ‚owie materaca stwierdziÅ‚am, Å¼e ponowne zaÅ‚oÅ¼enie go bÄ™dzie nielada wyczynem wiec delikatne pranie odbyÅ‚o siÄ™ bezpoÅ›rednio na materacu. Poza tym pokrowiec przeznaczony do prania w pralni a to dodatkowy minus.",vesteroey,"31 sty, 2023"
Sztos Sztos,vesteroey,"30 sty, 2023"
"jest ok, dobra cena jest ok, dobra cena",vesteroey,"27 sty, 2023"
"Materac jest bardzo wygodny, jestem Materac jest bardzo wygodny, jestem bardzo zadowolonağŸ˜ƒ",vesteroey,"26 sty, 2023"
Materac Taki jak potrzebowaÅ‚am. Poki co jestem bardzo zadowolona. Polecam,vesteroey,"20 sty, 2023"
dobry zakup dobry zakup,vesteroey,"16 sty, 2023"
Polecam Polecam,vesteroey,"15 sty, 2023"
Polecam Polecam,vesteroey,"10 sty, 2023"
"Bardzo dobrze siÄ™ na nim Bardzo dobrze siÄ™ na nim Å›pi, polecam !!",vesteroey,"08 sty, 2023"
Materac Spoko materac,vesteroey,"30 gru, 2022"
super materac super materac,vesteroey,"28 gru, 2022"
Ok Ok,vesteroey,"23 gru, 2022"
zgodnie z oczekiwaniami polecam zgodnie z oczekiwaniami polecam,vesteroey,"21 gru, 2022"
Dla mnie idealny Materac dla mnie idealny nie za twardy nie za miÄ™kki,vesteroey,"16 gru, 2022"
jestem zadowolona jestem zadowolona,vesteroey,"13 gru, 2022"
"Bardzo dobry, wygodny materac. Dobry Bardzo dobry, wygodny materac. Dobry stosunek jakoÅ›ci do ceny",vesteroey,"07 gru, 2022"
"materac ok, w koÅ„cu siÄ™ materac ok, w koÅ„cu siÄ™ wysypiam.. stosunek jakoÅ›ci do ceny b. dobry, jest twardy.",vesteroey,"28 lis, 2022"
"Wygodny Wygodny, choÄ‡ odrobinÄ™ czuÄ‡ jednak ruchy towarzysza obok.",vesteroey,"26 lis, 2022"
"Materac Vesteroy Jestem bardzo zadowolona, polecam.",vesteroey,"22 lis, 2022"
"Materac jest naprawdÄ™ twardy, jeÅ¼eli Materac jest naprawdÄ™ twardy, jeÅ¼eli komuÅ› odpowiada spanie na takim twardym podÅ‚oÅ¼u to polecam",vesteroey,"21 lis, 2022"
"materac Materac wygodny, w uÅ¼ytku u starszej Pani, ktÃ³ra go sobie chwali.",vesteroey,"21 lis, 2022"
Materac Å›wietny. Dobrze siÄ™ Å›pi. Materac Å›wietny. Dobrze siÄ™ Å›pi. Nie odgniata siÄ™.,vesteroey,"21 lis, 2022"
Adekwatna jakoÅ›Ä‡ do ceny. Adekwatna jakoÅ›Ä‡ do ceny.,vesteroey,"17 lis, 2022"
BÅ‚ogoÅ›Ä‡ Wygodny i to bardzo,vesteroey,"04 lis, 2022"
Polecam Polecam,vesteroey,"03 lis, 2022"
Super! Super!,vesteroey,"03 lis, 2022"
Åšwietny materac Åšwietny materac,vesteroey,"03 lis, 2022"
SpeÅ‚nia swojÄ… funkcjÄ™. Dobrze siÄ™ SpeÅ‚nia swojÄ… funkcjÄ™. Dobrze siÄ™ Å›pi,vesteroey,"28 paÅº, 2022"
"Å›wietny materac !! Jest idealnie twardy, dziÄ™ki czemu wspomaga krÄ™gosÅ‚up. OdrobinÄ™ nie trzyma wymiarÃ³w",vesteroey,"10 paÅº, 2022"
"Ilea oszukuje Materac mial w opisie 20 cm grubosci a okazalo sie, ze ma 16 cm",vesteroey,"05 paÅº, 2022"
Super Super,vesteroey,"02 paÅº, 2022"
"Dobry stosunek iloÅ›ci do ceny Wygodny materac za niewielkie pieniÄ…dze, zobaczymy jak dÅ‚ugo ale poki co jest super",vesteroey,"02 paÅº, 2022"
Materac PeÅ‚na wygoda,vesteroey,"28 wrz, 2022"
Bardzo dobry i wygodny. Godny Bardzo dobry i wygodny. Godny polecenia.,vesteroey,"26 wrz, 2022"
super produkt super produkt,vesteroey,"26 wrz, 2022"
"Materac Materac jest bardzo wygodny do spania , polecam .",vesteroey,"23 wrz, 2022"
"Åšwietny materac, wygodny. Åšwietny materac, wygodny.",vesteroey,"12 wrz, 2022"
"Wygodne Materac dobrej jakoÅ›ci, wygodny, polecam.",vesteroey,"09 wrz, 2022"
"Wygodny materac DoÅ›Ä‡ twardy, bardzo wygodny. Polecam",vesteroey,"05 wrz, 2022"
Materac UzupeÅ‚nienie dom Å‚Ã³Å¼ka MALM z pojemnikiem pod materacem. Bardzo wygodny. POLECAM,vesteroey,"05 wrz, 2022"
"Materac super,wygodny i warty ceny Materac super,wygodny i warty ceny",vesteroey,"02 wrz, 2022"
Polecam. Åšwietny materac. Syn bardzo sobie go chwali.,vesteroey,"27 sie, 2022"
"Pozytywny Jestem bardzo zadowolony, polecam serdecznie.",vesteroey,"26 sie, 2022"
OK OK,vesteroey,"22 sie, 2022"
Rewelacyjny Dawno tak dobrze siÄ™ nie wyspaÅ‚am.,vesteroey,"20 sie, 2022"
Ok Ok,vesteroey,"18 sie, 2022"
"bardzo wygodny Materac jest Å›wietny, niezbyt twardy i niezbyt miÄ™kki, poza tym jest wysoki, taki wÅ‚aÅ›nie jak potrzebujÄ™",vesteroey,"15 sie, 2022"
Opinia Materac super,vesteroey,"10 sie, 2022"
Materac nie speÅ‚niÅ‚ naszych oczekiwaÅ„ Materac nie speÅ‚niÅ‚ naszych oczekiwaÅ„ i nie zostaÅ‚ przyjÄ™ty na wymianÄ™ w ciÄ…gu 90 dni. Nie polecam,vesteroey,"08 sie, 2022"
Bardzo wygodny materac Bardzo wygodny materac,vesteroey,"07 sie, 2022"
"Wygodny materac, nie zapada siÄ™. Wygodny materac, nie zapada siÄ™.",vesteroey,"31 lip, 2022"
Stosunek ceny Do jakoÅ›ci eksploatacji na piÄ™Ä‡ gwiazdek,vesteroey,"28 lip, 2022"
"dobry, wygodny materac, niezbyt twardy dobry, wygodny materac, niezbyt twardy",vesteroey,"26 lip, 2022"
Mega wygodny Mega wygodny,vesteroey,"26 lip, 2022"
"Starsza, schorowana osoba, dla ktÃ³rej Starsza, schorowana osoba, dla ktÃ³rej kupiony byÅ‚ materac jest bardzo zadowolona.",vesteroey,"21 lip, 2022"
Jestem zadowolona Jestem zadowolona,vesteroey,"18 lip, 2022"
Polecam Polecam,vesteroey,"15 lip, 2022"
Bardzo wygodny materac polecam z Bardzo wygodny materac polecam z caÅ‚ego serca,vesteroey,"13 lip, 2022"
"Wygodny, uniwersalny materac Mamy z Å¼onÄ… zupeÅ‚nie rÃ³Å¼ne preferencje co do sposobu spania i zdecydowaliÅ›my siÄ™ na ten materac jako na opcjÄ™ kompromisowÄ…. JesteÅ›my oboje zadowoleni - jest wygodny i wysypiamy siÄ™.",vesteroey,"01 lip, 2022"
"Super jakoÅ›Ä‡, cena niska. Pozytywne Super jakoÅ›Ä‡, cena niska. Pozytywne zaskoczenie;) Szczerze polecam",vesteroey,"28 cze, 2022"
Pozytywne zaskoczenie Materace Vesteroy sÄ… rewelacyjne. Mile zaskoczenie jakoÅ›ci w niskiej cenie. Polecam ;),vesteroey,"28 cze, 2022"
Pol darmo KupiÅ‚em na wyprzedaÅ¼y. Åšrednio twardy jest TrochÄ™ za miÄ™kki,vesteroey,"28 cze, 2022"
Polecam Super!,vesteroey,"25 cze, 2022"
Bardzo dobry produkt. Bardzo dobry produkt.,vesteroey,"20 cze, 2022"
Na lepszym materacu nie spaÅ‚em Na lepszym materacu nie spaÅ‚em,vesteroey,"18 cze, 2022"
Wygodny SpeÅ‚nia oczekiwania syna.,vesteroey,"02 cze, 2022"
"Åšwietny materac Materac bardzo porzÄ…dny CiÄ™Å¼ki , Wygodny CzÅ‚owiek siÄ™ w nim nie zapada Mam tez taki drugi na 160cm UÅ¼ywam od ponad roku i nie zmieniÅ‚ swojej twardoÅ›ci Super",vesteroey,"01 cze, 2022"
"materac Vesteroy Bardzo wygodny lekki materac, duÅ¼y komfort snu i wypoczynku.",vesteroey,"01 cze, 2022"
Materac Bardzo wygodny.,vesteroey,"30 maj, 2022"
Bardzo wygodnie siÄ™ spi Bardzo wygodnie siÄ™ spi,vesteroey,"29 maj, 2022"
Materac Materac jest wygodny i godny polecenia.,vesteroey,"27 maj, 2022"
MiÄ™kki i wygodny MiÄ™kki i wygodny,vesteroey,"24 maj, 2022"
Bardzo dobry Bardzo dobry,vesteroey,"21 maj, 2022"
Dobry Dobry,vesteroey,"15 maj, 2022"
WporzÄ…dku WporzÄ…dku,vesteroey,"13 maj, 2022"
Materac Materac jest rewelacyjny. Teraz to ja wiem jak bez bÃ³lu wstaÄ‡ po nocy. PorzÄ…dny materac. Za przystÄ™pnÄ… cenÄ™. POLECAM!!!!!,vesteroey,"11 maj, 2022"
Produkt zgodny z oczekiwaniami Produkt zgodny z oczekiwaniami,vesteroey,"11 maj, 2022"
"Polecam serdecznie Bardzo wygodny, nie odksztaÅ‚ca siÄ™, jakoÅ›Ä‡ bardzo dobra. Serdecznie polecam",vesteroey,"04 maj, 2022"
Pozytywna Pozytywna,vesteroey,"03 maj, 2022"
"JeÅ›li ktoÅ› szuka tego typu JeÅ›li ktoÅ› szuka tego typu twardego materaca to polecam! Nie zaraziÄ‡ siÄ™ kilkoma zÅ‚ymi nockami. Trzeba siÄ™ przyzwyczaiÄ‡,, a pÃ³Åºniej juÅ¼ z gÃ³rki",vesteroey,"02 maj, 2022"
Ok Ok,vesteroey,"24 kwi, 2022"
SÅ‚aba jakoÅ›Ä‡ Materac wykonany estetcznie ale jakoÅ›Ä‡ bardzo sÅ‚aba po 3miesiacach sprÄ™Å¼yny juÅ¼ nie maj swoich pierwotnych wÅ‚aÅ›ciwoÅ›ci i Å›pi siÄ™ przeciÄ™tnie,vesteroey,"23 kwi, 2022"
Ok Ok,vesteroey,"20 kwi, 2022"
polecam polecam,vesteroey,"15 kwi, 2022"
"Polecam Bardzo dobry materac w korzystnej cenie. WedÅ‚ug mnie jest Å›rednio twardy, a nie twardy, ale Å›pi siÄ™ na nim bardzo dobrze.",vesteroey,"12 kwi, 2022"
Odpowiednio twardy i nie za Odpowiednio twardy i nie za miÄ™kki dla mojej nastolatki. Bardzo zadowolona,vesteroey,"06 kwi, 2022"
"Materac Znajomi, ktÃ³rzy spali na materacu, dopytywali, gdzie kupiliÅ›my taki wygodny materac :-)",vesteroey,"05 kwi, 2022"
Vesteroy Bardzo wygodny.,vesteroey,"05 kwi, 2022"
MÃ³j sen Produkt speÅ‚nia moje oczekiwania,vesteroey,"05 kwi, 2022"
"wspaniaÅ‚y produkt, polecam. wspaniaÅ‚y produkt, polecam.",vesteroey,"02 kwi, 2022"
Materac Polecam!,vesteroey,"30 mar, 2022"
"Kocham typa! OdkÄ…d z nami zamieszkaÅ‚, Å¼ycie staÅ‚o siÄ™ lepsze. Komunikacja z terapeutkÄ… prostsza. Poziom wkurzenia i zmÄ™czenia w skali dnia zmniejszyÅ‚ siÄ™ niemal do zera. Weekendami mam ochotÄ™ z niego z nie schodziÄ‡. Kocham typa i serdecznie polecam. Ps. Jest twardy. Twardy, nie trochÄ™ twardy, nie jakby twardy, nie prawie twardy. Jest twardy",vesteroey,"29 mar, 2022"
"Polecam. Bardzo wygodny materac,dopasowuje siÄ™ do sylwetki.Komfort snu zapewniony.",vesteroey,"25 mar, 2022"
"Idealny Polecam, czÅ‚owiek w koÅ„cu siÄ™ wysypia:)",vesteroey,"25 mar, 2022"
"Materac w porzÄ…dku, bardzo wygodny Materac w porzÄ…dku, bardzo wygodny",vesteroey,"25 mar, 2022"
Polecam Materac bardzo wygodny . 2 cm mniejszy niz podaje producent(138cm). Dodatkowo polecam mate na materac gdyz materac ma prÄ™gi ktore moga przeszkadzac,vesteroey,"15 mar, 2022"
Ok Ok,vesteroey,"09 mar, 2022"
Super materac! Super materac!,vesteroey,"05 mar, 2022"
Polecam Å›rednio twardy. Polecam Å›rednio twardy.,vesteroey,"05 mar, 2022"
"materac bardzo wygodny, ale troszkÄ™ zbyt luÅºny w ramie Å‚Ã³Å¼ka BRIMNES.",vesteroey,"02 mar, 2022"
"Materac Materac speÅ‚niÅ‚ moje oczekiwania, bardzo dobrze siÄ™ na nim Å›pi",vesteroey,"24 lut, 2022"
Super materac Super materac,vesteroey,"07 lut, 2022"
"Super materac, bardzo wygodny :))) Super materac, bardzo wygodny :)))",vesteroey,"04 lut, 2022"
"Materac VESTEROY Materac bardzo wygodny, zgodnie z zaleceniami trzeba go obracaÄ‡. Åšpi siÄ™ doskonale",vesteroey,"04 lut, 2022"
Bardzo wygodny materac. Nie czuÄ‡ Bardzo wygodny materac. Nie czuÄ‡ (lub bardzo sÅ‚abo) gdy druga osoba siÄ™ krÄ™ci.,vesteroey,"02 lut, 2022"
Dawno tak dobrze nie spaÅ‚am Dawno tak dobrze nie spaÅ‚am,vesteroey,"30 sty, 2022"
Super Super,vesteroey,"14 sty, 2022"
Polecam Materac wygodny. Polecam,vesteroey,"14 sty, 2022"
"materac bardzo wygodny, zgodny z materac bardzo wygodny, zgodny z moimi preferencjami",vesteroey,"04 sty, 2022"
PorzÄ…dny materac w dobrej cenie PorzÄ…dny materac w dobrej cenie,vesteroey,"15 gru, 2021"
SpeÅ‚nia moje oczekiwanie SpeÅ‚nia moje oczekiwanie,vesteroey,"09 gru, 2021"
super super,vesteroey,"08 gru, 2021"
Materac ok Materac ok,vesteroey,"06 gru, 2021"
Produkt ok. Produkt ok.,vesteroey,"04 gru, 2021"
Kasia - materac jest bardzo Kasia - materac jest bardzo miÄ™kki,vesteroey,"03 gru, 2021"
SUPER SUPER,vesteroey,"29 lis, 2021"
super wygodny super wygodny,vesteroey,"29 lis, 2021"
Bardzo wygodne Bardzo wygodne,vesteroey,"25 lis, 2021"
"Bardzo wygodny materac, polecam. Bardzo wygodny materac, polecam.",vesteroey,"22 lis, 2021"
Polecam Polecam,vesteroey,"22 lis, 2021"
Polecam MyÅ›laÅ‚am ze bÄ™dzie trochÄ™ twardszy. 60kg rÃ³Å¼nicy miÄ™dzy moja waga a mÄ™Å¼a wiec na innych materacach byÅ‚o to odczuwalne,vesteroey,"21 lis, 2021"
"Bardzo wygodny materac Za tÄ™ cenÄ™ bardzo dobra jakoÅ›Ä‡ i duÅ¼y komfort. JeÅ›li ktoÅ› ma niewielki budÅ¼et, to ciÄ™Å¼ko bÄ™dzie znaleÅºÄ‡ coÅ› lepszego.",vesteroey,"20 lis, 2021"
Super Polecam,vesteroey,"18 lis, 2021"
"Tragedia Materac zaproponowany przez automat przy wyborze Å‚Ã³Å¼ka- okazaÅ‚ siÄ™ za maÅ‚y w kaÅ¼dym wymiarze o okoÅ‚o 6cm. Serwis IKEA zaproponowaÅ‚ i wyminiÅ‚ na nowy, rÃ³wnieÅ¼ za maÅ‚y materac.",vesteroey,"18 lis, 2021"
ğŸ‘ ğŸ‘,vesteroey,"17 lis, 2021"
Dobry stosunek ceny do jakoÅ›ci Dobry stosunek ceny do jakoÅ›ci,vesteroey,"15 lis, 2021"
Dobry materac Dobry materac,vesteroey,"15 lis, 2021"
Materac speÅ‚niÅ‚ nasze oczekiwania Materac speÅ‚niÅ‚ nasze oczekiwania,vesteroey,"14 lis, 2021"
Najlepszy wybÃ³r w tej cenie! Najlepszy wybÃ³r w tej cenie! Jestem pod ogromnym wraÅ¼eniem i wszystkim polecam,vesteroey,"14 lis, 2021"
"Ochrona krÄ™gosÅ‚upa zaleÅ¼aÅ‚o nam na materacach chroniÄ…cych krÄ™gosÅ‚up. Zakup okazaÅ‚ siÄ™ trafiony, krÄ™gosÅ‚up trzyma odpowiedniÄ… krzywiznÄ™, nie boli. TwardoÅ›Ä‡ materacy jest dla nas odpowiednia, twardsze mogÅ‚yby nie speÅ‚niÄ‡ oczekiwaÅ„. Te zapewniajÄ… komfortowy sen.",vesteroey,"11 lis, 2021"
"Bardzo wygodny materac,bardzo dobra jakoÅ›Ä‡ Bardzo wygodny materac,bardzo dobra jakoÅ›Ä‡ w przystÄ™pnej cenie.",vesteroey,"07 lis, 2021"
Ok Ok,vesteroey,"02 lis, 2021"
Wygada na 5 Wygada na 5,vesteroey,"26 paÅº, 2021"
Materac Polecam. MiÄ™ciutki.,vesteroey,"13 paÅº, 2021"
"OpÅ‚acalnoÅ›Ä‡ idealna Bardzo wygodny, doÅ›Ä‡ twardy. Åšwietnie wyceniony produkt.",vesteroey,"26 wrz, 2021"
Materac super polecam Materac super polecam,vesteroey,"23 wrz, 2021"
:) :),vesteroey,"15 wrz, 2021"
"Polecam Bardzo wygodny, twardy. DokÅ‚adnie taki jaki chciaÅ‚am",vesteroey,"14 wrz, 2021"
Polecam Materac bardzo dobrej jakoÅ›ci. Po kilku miesiÄ…cach uÅ¼ytkowania mogÄ™ stwierdziÄ‡ Å¼e super siÄ™ na nim Å›pi. Dla osÃ³b o wiÄ™kszej wadze (pow. 80 kg) moÅ¼e byÄ‡ miÄ™kki.,vesteroey,"14 wrz, 2021"
"materac Wyglada na solidny, przetestowany pÃ³ki co tylko na prÃ³bÄ™, ale niestety Å›redniotwardy jak dla mnie raczej jest zbyt miÄ™kki, wiec zakup trochÄ™ nie trafiony.",vesteroey,"13 wrz, 2021"
Cudowny! Cudowny!,vesteroey,"10 wrz, 2021"
Materac Dobry. ChoÄ‡ z perspektywy czasu mÃ³gÅ‚by byÄ‡ trochÄ™ twardszy.,vesteroey,"09 wrz, 2021"
"Idealna twardoÅ›Ä‡, dobrze wykonany. Idealna twardoÅ›Ä‡, dobrze wykonany.",vesteroey,"09 wrz, 2021"
Ekstra Bardzo dobry i wygodny materac,vesteroey,"08 wrz, 2021"
Wygodny Wygodny,vesteroey,"08 wrz, 2021"
"Åšwietny materac, wart swojej ceny Åšwietny materac, wart swojej ceny",vesteroey,"08 wrz, 2021"
Materac bardzo siÄ™ sprawdza Niby miÄ™kki ale bardzo komfortowy. Bardzo dobrze na nim odpoczywam !,vesteroey,"07 wrz, 2021"
"bardzo dobry materac, jakoÅ›Ä‡ w bardzo dobry materac, jakoÅ›Ä‡ w stosunku do ceny.",vesteroey,"06 wrz, 2021"
"Materac niby Å›rednio twardy, wedÅ‚ug Materac niby Å›rednio twardy, wedÅ‚ug mnie bardziej twardy niÅ¼ mniej, ale wygodny. Wysypiam siÄ™, nie zapadam siÄ™ w nim. Poprzedni materac na ktÃ³rym miaÅ‚am przyjemnoÅ›Ä‡ sypiaÄ‡ byÅ‚ odrobinÄ™ bardziej miÄ™kki, a lubiÄ™ jak mam miÄ™ciutko, mimo to kupiÅ‚abym drugi raz ten- za tÄ™ kwotÄ™ super wybÃ³r. ÅšpiÄ™ na Nim juÅ¼ 3 miesiÄ…c i zupeÅ‚nie nic siÄ™ z nim nie dzieje.",vesteroey,"26 sie, 2021"
Å‚Ã³zko w 100% polecam Å‚Ã³zko w 100% polecam,vesteroey,"24 sie, 2021"
super! super!,vesteroey,"12 sie, 2021"
Polecam Wygodny materac,vesteroey,"10 sie, 2021"
Bardzo wygodny materac Bardzo wygodny materac,vesteroey,"07 sie, 2021"
Bardzo wygodny Bardzo wygodny,vesteroey,"06 sie, 2021"
Materac ok . Niestety jest Materac ok . Niestety jest twardszy niÅ¼ ten ktÃ³ry testowaÅ‚em. No cÃ³Å¼ chyba przeÅ¼yje..,vesteroey,"05 sie, 2021"
Jestem zadowolona . Materac speÅ‚nia Jestem zadowolona . Materac speÅ‚nia moje oczekiwania,vesteroey,"20 lip, 2021"
PolecamğŸ‘ mega wygodny PolecamğŸ‘ mega wygodny,vesteroey,"20 lip, 2021"
"Materac wygodny, nareszcie komfort snu Materac wygodny, nareszcie komfort snu na 5.",vesteroey,"20 lip, 2021"
pozytywna Wszystko OK!,vesteroey,"01 lip, 2021"
materac Wygodny,vesteroey,"28 cze, 2021"
Bardzo wygodny materac polecam Bardzo wygodny materac polecam,vesteroey,"25 cze, 2021"
Materac Bardzo wygodny materac.,vesteroey,"23 cze, 2021"
Super Super,vesteroey,"21 cze, 2021"
Super wygodne Super wygodne,vesteroey,"17 cze, 2021"
"bb super, mega wygodny",vesteroey,"15 cze, 2021"
"Åšrednio twardy materac jest bardzo Åšrednio twardy materac jest bardzo miÄ™kki. Jest rÃ³wnieÅ¼ kilka cm za krÃ³tki i kilka cm za wÄ…ski w stosunku do ramy Malm 140x200 cm, przez co miÄ™dzy ramÄ… Å‚Ã³Å¼ka a materacem byÅ‚y szpary! Niestety, musieliÅ›my wymieniÄ‡ na inny.",vesteroey,"13 cze, 2021"
"Bardzo dobry, mega wygodny materac. Bardzo dobry, mega wygodny materac.",vesteroey,"13 cze, 2021"
"bardzo dobry ,wygodny, dobrze nam bardzo dobry ,wygodny, dobrze nam siÄ™ na nim Å›pi",vesteroey,"13 cze, 2021"
SpeÅ‚nia swojÄ… rolÄ™. Jak na SpeÅ‚nia swojÄ… rolÄ™. Jak na razie OK!,vesteroey,"08 cze, 2021"
Åšwietny materac w niskiej cenie. Åšwietny materac w niskiej cenie.,vesteroey,"07 cze, 2021"
Polecam Polecam,vesteroey,"06 cze, 2021"
Materac bardzo wygodny Materac bardzo wygodny,vesteroey,"25 maj, 2021"
Polecam! Jak dla mnie jest bardzo wygodny polecam,vesteroey,"24 maj, 2021"
"Ok, speÅ‚nia wymagania ğŸ‘ Ok, speÅ‚nia wymagania ğŸ‘",vesteroey,"23 maj, 2021"
"Polecam! Materac bardzo wygodny. Kiedy mÄ…Å¼ siÄ™ przekrÄ™ca lub wstaje, nic nie buja. Mam nadziejÄ™ Å¼e nam dÅ‚ugo posÅ‚uÅ¼y. Polecam.",vesteroey,"20 maj, 2021"
"Materac Åšwietny materac, moÅ¼na siÄ™ dobrze wyspaÄ‡.",vesteroey,"16 maj, 2021"
"Pozytywny Materac bardzo wygodny,polecam",vesteroey,"16 maj, 2021"
Jest bardzo wygodny dostosowany idealnie Jest bardzo wygodny dostosowany idealnie dla naszych potrzeb.,vesteroey,"15 maj, 2021"
Materac super ale trochÄ™ za Materac super ale trochÄ™ za maÅ‚y do Å‚Ã³Å¼ka hemnes,vesteroey,"15 maj, 2021"
Ok Ok,vesteroey,"13 maj, 2021"
Bardzo fajny :-))) Bardzo fajny :-))),vesteroey,"13 maj, 2021"
"Materac wygodny, doÅ›Ä‡ twardy. Materac wygodny, doÅ›Ä‡ twardy.",vesteroey,"12 maj, 2021"
Polecam Polecam,vesteroey,"12 maj, 2021"
polecam!! polecam!!,vesteroey,"05 maj, 2021"
Polecam Polecam,vesteroey,"02 maj, 2021"
"Materac Absolutnie speÅ‚nia moje oczekiwania, wygodny i dobra cena w stosunku do jakoÅ›ci",vesteroey,"01 maj, 2021"
Materac caÅ‚kiem wygodny. Taki jak Materac caÅ‚kiem wygodny. Taki jak chciaÅ‚em. Åšrednio twardy. Tak aby siÄ™ nie zapadaÅ‚. Ale nie byÅ‚ rÃ³wnieÅ¼ twardy jak decha.,vesteroey,"30 kwi, 2021"
Wszystko ok Materac jak najbardziej w porzÄ…dku - zgodnie z oczekiwaniami :),vesteroey,"28 kwi, 2021"
materac materac warty polecenia stosunek jakoÅ›Ä‡/cena,vesteroey,"27 kwi, 2021"
Materac Bardzo wygodny materac.,vesteroey,"21 kwi, 2021"
Bardzo wygodny materac Bardzo wygodny materac,vesteroey,"10 kwi, 2021"
Okazyjna cena Okazyjna cena,vesteroey,"10 kwi, 2021"
Materac bardzo wygodny i estetycznie Materac bardzo wygodny i estetycznie wykonany. Polecam!,vesteroey,"25 mar, 2021"
"Materac jest bardzo wygodny, choÄ‡ Materac jest bardzo wygodny, choÄ‡ okazaÅ‚ siÄ™ byÄ‡ odrobinÄ™ twardszy niÅ¼ ten oglÄ…dany w sklepie. LiczÄ™ na to, Å¼e z czasem bÄ™dzie siÄ™ to zmieniaÅ‚o (biorÄ™ pod uwagÄ™, Å¼e moÅ¼e byÄ‡ to zwiÄ…zane z wybranymi przeze mnie Å¼ebrami do Å‚Ã³Å¼ka).",vesteroey,"23 mar, 2021"
"Rewelacyjny, wygodny, a w ogÃ³le Rewelacyjny, wygodny, a w ogÃ³le I love Ikea ğŸ˜€",vesteroey,"22 mar, 2021"
materac Wygodny materac w przystepnej cenie,vesteroey,"19 mar, 2021"
Super materac! Super materac!,vesteroey,"13 mar, 2021"
Bardzo dobry produkt Bardzo dobry produkt,vesteroey,"10 mar, 2021"
 Polecam wszystkim.,vesteroey,"24 lis, 2020"
" W zasadzie w porzÄ…dku, tylko trochÄ™ (jakby) za maÅ‚y do ramy Å‚Ã³Å¼ka.",vesteroey,"22 lis, 2020"
" Polecam kaÅ¼demu, plecy przestaÅ‚y boleÄ‡ po 2 nacach",vesteroey,"08 lis, 2020"
" Materac odznaczony byÅ‚ jako Å›rednio twardy, a jest twardy :(",vesteroey,"28 paÅº, 2020"
"Bardzo dobry, wygodny materac. Materac w peÅ‚ni speÅ‚nia moje oczekiwania. Bardzo wygodny.",vagstranda,"14 lis, 2024"
"super bardzo wygodny, speÅ‚niÅ‚ nasz oczekiwania.",vagstranda,"30 paÅº, 2024"
Bardzo wygodny Bardzo wygodny,vagstranda,"23 paÅº, 2024"
"SUPER ! DoskonaÅ‚e, wygodne i dobrze wykonane",vagstranda,"25 sie, 2024"
Materac Dobrze wykonany,vagstranda,"24 cze, 2024"
Materac Dobrze wykonany,vagstranda,"24 cze, 2024"
Materac Dla mnie idealny.,vagstranda,"10 maj, 2024"
SUPER MATERAC SzukaliÅ›my twardego lecz sprÄ™Å¼ystego materaca o duÅ¼ej gruboÅ›ci. Ten produkt speÅ‚niÅ‚ w 100% nasze oczekiwania.,vagstranda,"09 maj, 2024"
"Dostateczna. Za zbyt luÅºny moim zdaniemm pokrowiec Pokrowiec materaca w miejscu siadania wybrzusza siÄ™ i marszczy z boku na tyle mocno, Å¼e uciska tyÅ‚ nÃ³g siedzÄ…cego. Pracownik sklepu powiedziaÅ‚, Å¼e niestety taka jego uroda. Material marszczy siÄ™ rÃ³wnieÅ¼ na czÄ™Å›ci do spania, co kilka dni go wygÅ‚adzam. Mam rozmiar 120x200x28 cm, pasuje na niego tylko jeden rodzaj przeÅ›cieradÅ‚a z gumkÄ… (100% baweÅ‚na ) cena 119 zÅ‚ za sztukÄ™.",vagstranda,"24 mar, 2024"
"Raczej jest OK. Materac jak materac, dobrze siÄ™ na nim Å›pi. Jest tylko jeden problem jest nieprawdopodobnie ciÄ™Å¼ki",vagstranda,"09 mar, 2024"
"wyjÄ…tkowo wygodny, zapewniajÄ…cy przyjemny sen Idealne rozwiÄ…zanie dla osÃ³b starszych majÄ…cych problemy z krÄ™gosÅ‚upem w odcinku lÄ™dÅºwiowym",vagstranda,"07 mar, 2024"
ok. Jest ok.,vagstranda,"26 lut, 2024"
"Rewelacja Materac jest Å›wietny- nie lubiÄ™ miÄ™kkich materacy, mam chory krÄ™gosÅ‚up i niewiele materacy mi pasuje, gl Å›piÄ™ na twardych, sprÄ™Å¼ynowych, pianki odpadajÄ…. Ten materac jest bardzo wygodny, mimo Å¼e miÄ™kki to idealnie podpiera krÄ™gosÅ‚up na caÅ‚ej dÅ‚ugoÅ›ci Rano nic nie boli i czuje siÄ™ wypoczÄ™ta. Dla Å›piÄ…cego na boku strzaÅ‚ w 10.",vagstranda,"19 lut, 2024"
"Zdecydowanie miÄ™kki a nie Å›rednio/twardy Materac w sklepie wydawaÅ‚ siÄ™ bardzo okej, ale na Å‚Ã³Å¼ku ze stelaÅ¼em Å¼eberkowym okazaÅ‚ siÄ™ totalnÄ… klapÄ…. Materac jest bardzo miÄ™kki, leÅ¼Ä…c w dwie osoby zapadaliÅ›my siÄ™ i turlaliÅ›my do Å›rodka. U mnie testowanie tego materaca skoÅ„czyÅ‚o siÄ™ krÄ™czem szyi i zwrotem. Dobrze, Å¼e jest opcja 90 dni do testÃ³w, bo jak dla mnie to byÅ‚ zupeÅ‚nie inny materac niÅ¼ ten, ktÃ³ry oglÄ…daliÅ›my w sklepie. WedÅ‚ug mnie materace na dziale powinny leÅ¼eÄ‡ na normalnych Å‚Ã³Å¼kach ze stelaÅ¼em, Å¼eby realnie oceniÄ‡ wygodÄ™ a nie na twardych blokachâ€¦ osobiÅ›cie nie polecam, szczegÃ³lnie za takÄ… kwotÄ™",vagstranda,"16 sty, 2024"
Dot. materaca. W porzÄ…dku. Szybka dostawa.,vagstranda,"08 sty, 2024"
Polecam zakup materaca Materac super. Wykonanie i jakoÅ›Ä‡ na najwyÅ¼szym poziomie. Wygodny estetyczny. Cena bardzo przystÄ™pna.,vagstranda,"13 gru, 2023"
Dla dziecka jak znalazÅ‚ Dla dziecka jak znalazÅ‚,vagstranda,"12 gru, 2023"
"bardzo komfortowy, w peÅ‚ni odpowiada moim oczekiwaniom materac jest sprÄ™Å¼ysty i nie za miÄ™kki, ale rÃ³wnoczeÅ›nie daje uczucie komfortu, wystarczajÄ…co gruby, opis w sklepie w peÅ‚ni odpowiada jego cechom fizycznym; przy tym bardzo wygodna dla odbioru i transportu jest forma zrolowana;",vagstranda,"06 gru, 2023"
"Materac MiÄ™kki, fajny, dla niektÃ³rych moÅ¼e byÄ‡ za miekki.",vagstranda,"29 lis, 2023"
"Materac vagstranda Dobry materac w dobrej cenie, bardzo dobre podparcie dla krÄ™gosÅ‚upa.",vagstranda,"29 lis, 2023"
Materac Materac rewelacyjny.Bardzo wygodny w uÅ¼ytkowaniu. DuÅ¼y komfort spania.,vagstranda,"19 lis, 2023"
Materac WymieniÅ‚am na 2 mniejsze o rÃ³Å¼nej twardoÅ›ci. Jest Ok.,vagstranda,"13 lis, 2023"
Materac niestety nie jest zbyt Materac niestety nie jest zbyt wygodny jak na swojÄ… cenÄ™ oczekiwaÅ‚am czegoÅ› lepszego,vagstranda,"12 lis, 2023"
Materac Bardzo wygodny dÅ‚ugo szukaÅ‚am dobrego materaca ten jest idealny,vagstranda,"05 lis, 2023"
"Rewelacja Åšwietny, twardy ale nie kamieÅ„, stabilny, wysoki, jednym sÅ‚owem rewelacyjny",vagstranda,"03 lis, 2023"
Wygodne Bardzo wygodne dla pary (110+60kg),vagstranda,"03 lis, 2023"
Rewelacja Wreszcie Å›piÄ™ wygodnie :),vagstranda,"02 lis, 2023"
Tego szukaÅ‚em. Tego szukaÅ‚em.,vagstranda,"31 paÅº, 2023"
"Najlepszy jaki mieliÅ›my! Materac gruby, niezwykle wygodny, uwielbiam ten moment kiedy mogÄ™ pÃ³jÅ›Ä‡ do sypialni i zatopiÄ‡ siÄ™ w ""jego objÄ™ciach"". Polecam!",vagstranda,"25 paÅº, 2023"
Idealny SzukaliÅ›my twardego materaca i w peÅ‚ni speÅ‚niÅ‚ nasze oczekiwania,vagstranda,"22 paÅº, 2023"
"Materac Materac jest bardzo wygodny nie za twardy, nie za miÄ™kki. To juÅ¼ 2 materac zakupiony w IKEA.",vagstranda,"18 paÅº, 2023"
"Wygodny Bardzo wygodny materac, jak ktoÅ› lubi bardziej twardy to polecam",vagstranda,"17 paÅº, 2023"
Cena jest b.wysoka Cena jest b.wysoka,vagstranda,"17 paÅº, 2023"
"Materac Rewelacyjny, wszystko zajebiÅ›cie",vagstranda,"13 paÅº, 2023"
"Materac Bardzo wygodny materac. Nie za twardy, idealnie siÄ™ ukÅ‚ada w czasie snu.",vagstranda,"05 paÅº, 2023"
Negatyw - ciÄ™Å¼ki skubany Negatyw - ciÄ™Å¼ki skubany,vagstranda,"05 paÅº, 2023"
"Praktyczny, twardy, dobry Praktyczny, twardy, dobry",vagstranda,"03 paÅº, 2023"
"Materac speÅ‚nia moje oczekiwania, jest Materac speÅ‚nia moje oczekiwania, jest bardzo wygodny.",vagstranda,"01 paÅº, 2023"
Idealny Bardzo dobrej jakoÅ›ci materac. W wersji twardej idealny dla osÃ³b z bÃ³lami krÄ™gosÅ‚upa.,vagstranda,"01 paÅº, 2023"
Ocena materacka Gorsza ocena za montaÅ¼ - tylko ze wzglÄ™du na wagÄ™ materaca,vagstranda,"27 wrz, 2023"
"Bardzo wygodny, dopasowuje siÄ™ do Bardzo wygodny, dopasowuje siÄ™ do ciala",vagstranda,"20 wrz, 2023"
"Zakupiony materac nie posiada 200 Zakupiony materac nie posiada 200 cm dÅ‚ugoÅ›Ä‡ po reklamacji Å¼e jest coÅ› nie tak ,pan stwierdziÅ‚ Å¼e materac nie ma 200 cm.Mamy samemu zwrÃ³ciÄ‡ jeÅ›li nie jesteÅ›my zadowoleni OczywiÅ›cie w skrzyni jest z tego powodu dziura na ok 5 cm.Poki co syn siÄ™ wysypia",vagstranda,"19 wrz, 2023"
"Materac Materac wysokiej jakoÅ›ci, speÅ‚niÅ‚ moje oczekiwania, polecam",vagstranda,"10 lip, 2023"
"Tylko dla fanatykÃ³w. Ten materac jest zdecydowanie za miÄ™kki, za gruby i za ciÄ™Å¼ki. CzujÄ™ siÄ™ na nim, jak na jeziorze bo pÅ‚ywam na wszystkie strony. Opcja wymiany w ciÄ…gu 90 dni to fikcja, nie moÅ¼na go zÅ‚oÅ¼yÄ‡ ani zrolowaÄ‡ wiÄ™c nie mieÅ›ci siÄ™ do samochodu. Firmy kurierskie nie chcÄ… woziÄ‡ takich gabarytÃ³w, a cena za transport to poÅ‚owa jego wartoÅ›ci. MogÅ‚em od razu kupiÄ‡ ten cieÅ„szy.",vagstranda,"06 lip, 2023"
"Wygoda PorzÄ…dny, wygodny materac, na ktÃ³rym z przyjemnoÅ›ciÄ… przeÅ›pisz caÅ‚Ä… noc. ZmieniliÅ›my po 12 latach i naprawdÄ™ odczuliÅ›my rÃ³Å¼nicÄ™.",vagstranda,"26 cze, 2023"
polecam polecam,vagstranda,"23 cze, 2023"
Polecam Polecam,vagstranda,"04 maj, 2023"
Materac bardzo wygodny Materac bardzo wygodny,vagstranda,"04 kwi, 2023"
Doskonale wygodne Doskonale wygodne,vagstranda,"27 mar, 2023"
Bardzo dobry Bardzo dobry,vagstranda,"25 mar, 2023"
"Bardzo dobry materac, lecz mÃ³gÅ‚by Bardzo dobry materac, lecz mÃ³gÅ‚by byÄ‡ taÅ„szy. Ale ogÃ³lnie polecam",vagstranda,"24 mar, 2023"
Super jakoÅ›Ä‡ w stosunku do Super jakoÅ›Ä‡ w stosunku do ceny ğŸ˜‰,vagstranda,"22 mar, 2023"
"Polecam ZakupiÅ‚em w pierwszej wersji twardy, skorzystaÅ‚em z moÅ¼liwoÅ›ci wymiany na Å›rednio twardy.Jest jak najbardziej OK. Polecam.",vagstranda,"19 mar, 2023"
ok ok,vagstranda,"18 mar, 2023"
Bardzo dobrze siÄ™ Å›pi na Bardzo dobrze siÄ™ Å›pi na tym materacu. Jest twardy ale zapewnia komfort i wygodÄ™. KrÄ™gosÅ‚up przestaÅ‚ mnie boleÄ‡.,vagstranda,"12 mar, 2023"
"Materac ByÅ‚ to bardzo dobry zakup, jedyny maÅ‚y minus jak dla mnie, Å¼e materac jest bardzo ciÄ™Å¼ki.",vagstranda,"01 mar, 2023"
Bardzo dobry materac. W koÅ„cu Bardzo dobry materac. W koÅ„cu siÄ™ wysypiam i plecy nie bolÄ….,vagstranda,"24 lut, 2023"
"Nie tak miÄ™kki jak liczyÅ‚em Jestem szczupÅ‚y, wysoki i Å›piÄ™ na boku, wiÄ™c potrzebujÄ™ bardzo miÄ™kkiego materaca. SprawdziÅ‚em wszystkie modele Ikei, poza tymi super drogimi i ten wydawaÅ‚ siÄ™ najmiÄ™kszy kiedy siÄ™ na nim kÅ‚adÅ‚em. Niestety, byÄ‡ moÅ¼e pokazowy egzemplarz byÅ‚ juÅ¼ wysiedziany, bo ten, ktÃ³ry otrzymaÅ‚em nie byÅ‚ tak miÄ™kki. Jest ok, ale nie jest to komfort, na jaki liczyÅ‚em za tÄ™ cenÄ™.",vagstranda,"23 lut, 2023"
"Jest dobrze OgÃ³lnie jestem zadowolona aczkolwiek wg mnie materac twardy nie jest twardy. I jest dosyÄ‡ chybotliwy, przez pierwsze noce przy przewracaniu siÄ™ z boku na bok czuÅ‚am siÄ™ trochÄ™ jak na wodnym Å‚Ã³Å¼ku. Bardzo siÄ™ zapada przy siadaniu i gdy leÅ¼y siÄ™ we dwie osoby. ÅšpiÄ™ na nim zwykle sama i krÄ™gosÅ‚up przestaÅ‚ mnie boleÄ‡ wiÄ™c ogÃ³lnie jestem zadowolona. Ale mam od Was inny materac i ten mu nie dorÃ³wnuje.",vagstranda,"23 lut, 2023"
"Wygodny, wysoki, w koÅ„cu przestaÅ‚y Wygodny, wysoki, w koÅ„cu przestaÅ‚y mnie boleÄ‡ plecy",vagstranda,"12 lut, 2023"
"Zadowolony z zakupu UÅ¼ywamy go od kilku miesiÄ™cy i cieszymy siÄ™, Å¼e wybraliÅ›my wÅ‚aÅ›nie ten model.",vagstranda,"11 sty, 2023"
"WystarczajÄ…co twardy i wystarczajÄ…co miÄ™kki Idealny Å›rodek miÄ™dzy wygodÄ… i zachowaniem zdrowia.UÅ¼ywaÅ‚em wczeÅ›niej twardszego materaca i plecy mÃ³wiÄ… mi, Å¼e bÃ³l nie pojawiÅ‚ siÄ™, takÅ¼e polecam.",vagstranda,"31 gru, 2022"
jest ok. jest ok.,vagstranda,"04 gru, 2022"
Wygodny materac Wygodny materac,vagstranda,"02 gru, 2022"
"Bardzo wygodny materac. W opisie Bardzo wygodny materac. W opisie twardy, ale nigdy bym nie wziÄ™Å‚a innego. Po uÅ¼ytkowaniu dwu miesiÄ™cznym, zdecydowanie zmiÄ™kÅ‚ i dobrze dopasowuje siÄ™ do ciaÅ‚a. Polecam! Wart swojej ceny.",vagstranda,"30 lis, 2022"
Super Materac gruby i wysoki . WaÅ¼ne przy schorzeniach krÄ™gosÅ‚upa Å¼e moÅ¼na siadaÄ‡ i wstawaÄ‡ bez podpierania przy lekko zgietych kolanach .,vagstranda,"21 lis, 2022"
Wygodny materac. Wygodny materac.,vagstranda,"20 lis, 2022"
"Åšwietny wybÃ³r MÃ³j pierwszy materac sprÄ™Å¼ynowy i strzaÅ‚ w dziesiÄ…tkÄ™. Twardy, w sam raz dla mnie, jako osoba ciÄ™Å¼sza nie zapadam siÄ™ w nim nadmiernie.",vagstranda,"14 lis, 2022"
Materac Wygodny,vagstranda,"11 lis, 2022"
"materac twardy ? WaÅ¼Ä™ 98 kg i niestety muszÄ™ stwierdziÄ‡ ,Å¼e materac jest za miÄ™kki ,( wybraÅ‚em twardy) po trzech miesiÄ…cach sÄ… Å›lady wgniecenia na materacu ktÃ³re nie wracajÄ… do pierwotnego ksztaÅ‚tu . Za tÄ… kwotÄ™ spodziewaÅ‚em siÄ™ lepszego produktu , zwÅ‚aszcza ,Å¼e Ikea daje 10 lat gwarancji na ten produkt .",vagstranda,"08 lis, 2022"
"Jest ok Nie mam doÅ›wiadczenia z materacami. MyÅ›lÄ™ Å¼e jest ok, nie zapadam siÄ™ w nim, lekko siÄ™ podemna ugina. WaÅ¼Ä™ 70kg ;) wysypiam siÄ™. Jest ciÄ™Å¼ki. Spakowany w rulon, po rozwiniÄ™ciu musi poleÅ¼eÄ‡ okoÅ‚o 24h.",vagstranda,"06 lis, 2022"
Super polecam Super polecam,vagstranda,"04 lis, 2022"
"Wygoda i twardoÅ›Ä‡ materaca testowego Wygoda i twardoÅ›Ä‡ materaca testowego w sklepie i produktu nowego rÃ³Å¼niÄ… siÄ™ od siebie, co utrudnia jego prawidÅ‚owe dobranie (musiaÅ‚em dokupiÄ‡ nakÅ‚adkÄ™ na materac, gdyÅ¼ teÅ¼ byÅ‚ zbyt twardy), jednak sam produkt jest ok.",vagstranda,"03 lis, 2022"
Dla mnie bardzo wygodny materac Dla mnie bardzo wygodny materac :-),vagstranda,"02 lis, 2022"
Super Super,vagstranda,"31 paÅº, 2022"
Ok Ok,vagstranda,"14 paÅº, 2022"
Super Super,vagstranda,"05 paÅº, 2022"
Materac Polecam. Bardzo wygodny i bardzo dobre wykonanie,vagstranda,"07 wrz, 2022"
"TrzÄ™sie siÄ™ jak galareta Nie zakwalifikowalabym tego materaca do ""twardych"". Jest on co najwyÅ¼ej Å›rednio twardy. W dodatku mimo obietnic w opisie - bardzo czuÄ‡ ruchy drugiej osoby. TrzÄ™sie siÄ™ jak Å‚Ã³zko wodne. WczeÅ›niej spaliÅ›my na twardym Vesteroyu ktÃ³ry duÅ¼o lepiej speÅ‚niaÅ‚ swojÄ… funkcjÄ™. Nie warto dopÅ‚acaÄ‡ do Vagstrandy.",vagstranda,"02 wrz, 2022"
jestem bardzo zadowolona. jestem bardzo zadowolona.,vagstranda,"09 sie, 2022"
Za miÄ™kki Materac Å›rednio twardy jest chyba tylko z nazwy. ByÅ‚ strasznie miÄ™kki i przy spaniu w dwie osoby zapadaliÅ›my siÄ™ na Å›rodku. WymieniliÅ›my na twardy i on jest jak najbardziej w porzÄ…dku. Po zaÅ‚oÅ¼eniu ochraniacza na materac na gumach rogi siÄ™ uginaÅ‚y co Å›wiadczy o tym jak miÄ™kki on jest,vagstranda,"25 lip, 2022"
"Bardzo wygodny Po latach mordÄ™gi praktycznie przestaÅ‚ bolec mnie krÄ™gosÅ‚up, szok",vagstranda,"22 lip, 2022"
"Materac Polecam materac, super wygodny. Pierwszy raz od bardzo bardzo dawna nie bolÄ… mnie plecy, kiedy rano wstaje. Polecam â¤ï¸",vagstranda,"18 lip, 2022"
"ZniwelowaÅ‚ bÃ³l krÄ™gosÅ‚upa Materac dobrany z pomocÄ… fizjoterapeutki Ikei Å›wietnie siÄ™ u mnie sprawdza. ZnaczÄ…co zmniejszyÅ‚ bÃ³l krÄ™gosÅ‚upa. Warto mieÄ‡ na uwadze, Å¼e jest bardzo ciÄ™Å¼ki.",vagstranda,"13 lip, 2022"
Super Super,vagstranda,"13 lip, 2022"
Bardzo wygodny !!! Bardzo wygodny !!!,vagstranda,"06 lip, 2022"
Wygodny.Polecam Wygodny.Polecam,vagstranda,"30 cze, 2022"
Materac Dobry wygodny materac,vagstranda,"20 cze, 2022"
super wygodny super wygodny,vagstranda,"17 cze, 2022"
"wygodny jak w hotelu Bardzo polecam. Wygodby materac, nie zapada siÄ™. Åšpi siÄ™ jak w dobrym hotelu.",vagstranda,"17 cze, 2022"
Wygodnego spanie Materac jest twardy. Åšwietnie siÄ™ na nim Å›pi. Dla mnie najwygodniejszy materac jaki kiedykolwiek miaÅ‚am.,vagstranda,"10 cze, 2022"
"Materac Polecam, wygodny jak cholera o Å›pi siÄ™ na nim jak dziecko",vagstranda,"08 cze, 2022"
Bardzo dobrze! Bardzo dobrze!,vagstranda,"27 maj, 2022"
Wszystko ok Wszystko ok,vagstranda,"26 maj, 2022"
POLECAM MATERAC VAGSTRANDA Polecam ten materac. Wygodny i bardzo dobrze siÄ™ na nim Å›pi.,vagstranda,"25 maj, 2022"
"najlepszy materac, wygodny najlepszy materac, wygodny",vagstranda,"23 maj, 2022"
rewelacja rewelacja,vagstranda,"23 maj, 2022"
Super zadowolona Super zadowolona,vagstranda,"23 maj, 2022"
B. dobry produkt B. dobry produkt,vagstranda,"17 maj, 2022"
Materac Bardzo wygodny,vagstranda,"15 maj, 2022"
Ten produkt jest warty swojej Ten produkt jest warty swojej ceny.,vagstranda,"10 maj, 2022"
bardzo fajny miaÅ‚o byÄ‡ miÄ™kko i jest. ale w stelaÅ¼u Å‚Ã³Å¼ka tez sprÄ™Å¼yny zamiast desek i super miÄ™kka nakÅ‚adka z lateksu 5 cm.,vagstranda,"09 maj, 2022"
"OK Z poczÄ…tku musiaÅ‚am siÄ™ przyzwyczaiÄ‡, ale szybko siÄ™ przyzwyczaiÅ‚am i dobrze siÄ™ Å›pi. TwardoÅ›Ä‡ mi odpowiada",vagstranda,"01 maj, 2022"
"Materac jest bardzo miekki i Materac jest bardzo miekki i daje wrazenie opadania pod powierzchnie. Cialo sie w nim zapada, przytulanie sie z partnerem jest niekomfortowe. Wg opisu ma sie nie odczuwac ruchow po drugiej stronie materaca, ale wszystko plywa.",vagstranda,"21 kwi, 2022"
Bardzo wygodny materac Bardzo wygodny materac,vagstranda,"15 kwi, 2022"
materac Materac jest bardzo wygodny.,vagstranda,"12 kwi, 2022"
MoÅ¼e byc MoÅ¼e byc,vagstranda,"09 kwi, 2022"
POLECAM - ÅšWIETNY ZAKUP POLECAM !,vagstranda,"05 kwi, 2022"
"Bardzo dobra jakoÅ›Ä‡ , wygodny, Bardzo dobra jakoÅ›Ä‡ , wygodny, speÅ‚niÅ‚ moje oczekiwania",vagstranda,"01 kwi, 2022"
Aaaa Super,vagstranda,"21 mar, 2022"
"Idealny materac Bardzo polecam! Warto byÅ‚o dopÅ‚aciÄ‡ do wyÅ¼szego modelu Ikea, gdyÅ¼ poprzednio miaÅ‚am model Hovag. Teraz po 3 miesiÄ…cach uÅ¼ytkowania Vagstranda twardy 160x200, mogÄ™ powiedzieÄ‡, Å¼e jest bardzo wygodny i idealnie dopasowuje siÄ™ do ciaÅ‚a. Polecam rÃ³wnieÅ¼ wywiad z fizjoterapeutÄ… Ikea, bo to on podpowiedziaÅ‚ mi jaki wybraÄ‡ stopieÅ„ twardoÅ›ci. Jedyny minus to jego ciÄ™Å¼ar - prawie 60 kg, wiÄ™c do ewentualnego transportu potrzeba 2 osÃ³b. Mimo to iloÅ›Ä‡ plusÃ³w przysÅ‚ania ten jeden minusik. Polecam z czystym sumieniem.",vagstranda,"20 mar, 2022"
wygodny wygodny,vagstranda,"18 mar, 2022"
"materac godny polecenia , bardzo materac godny polecenia , bardzo wygodny",vagstranda,"14 mar, 2022"
"Materac Materac bardzo wygodny, mÃ³j krÄ™gosÅ‚up wreszcie odpoczywa podczas snu, co jest bardzo waÅ¼ne przy moich problemach z krÄ™gosÅ‚upem. Nie zamieniÄ™ na Å¼aden inny. Jedyny minus jest bardzo ciÄ™Å¼ki, trudno zmieniÄ‡ przeÅ›cieradÅ‚o. Dwie osoby potrzebne.",vagstranda,"13 mar, 2022"
Bardzo wygodny Bardzo wygodny,vagstranda,"13 mar, 2022"
"MiÄ™kki Kocham produkty IKEA, jednak tym materacem jestem rozczarowana. Rzekomo twardy, okazaÅ‚ siÄ™ byÄ‡ co najwyÅ¼ej Å›redniotwardy, choÄ‡ i to za duÅ¼o powiedziane. CiaÅ‚o dÅ‚ugo musiaÅ‚o siÄ™ do niego przyzwyczajaÄ‡, aÅ¼ przestaÅ‚o po nocy byÄ‡ obolaÅ‚e. Jedna gwiazdka mniej za wagÄ™ materaca, ktÃ³ra zmusiÅ‚a mnie do zaangaÅ¼owania drugiej osoby do wÅ‚oÅ¼enia go na stelaÅ¼, choÄ‡ pracujÄ™ fizycznie i kallaxa 5x5 dÅºwignÄ™Å‚am z podÅ‚ogi po zÅ‚oÅ¼eniu sama ğŸ˜‰ wyglÄ…d i jakoÅ›Ä‡ wykonania super, bez zastrzeÅ¼eÅ„.",vagstranda,"09 mar, 2022"
SpeÅ‚nia oczekiwania. Wygodnie i miÅ‚o. SpeÅ‚nia oczekiwania. Wygodnie i miÅ‚o.,vagstranda,"06 mar, 2022"
bardzo dobry produkt bardzo dobry produkt,vagstranda,"04 mar, 2022"
Materac twardy sprÄ™Å¼ynowy Materac sprawdza siÄ™ wyÅ›mienicie. PrzestaÅ‚ boleÄ‡ mnie krÄ™gosÅ‚up. Wreszcie mogÄ™ siÄ™ wyspaÄ‡ i odpoczÄ…Ä‡. Polecam.,vagstranda,"20 lut, 2022"
Twardy.Åšrednio wygodny . Twardy.Åšrednio wygodny .,vagstranda,"18 lut, 2022"
"materac VÃ…GSTRANDA bardzo wygodny materac, kilka pierwszych nocy wydawaÅ‚ siÄ™ twardszy, a potem dostosowaÅ‚ siÄ™ idealnie",vagstranda,"17 lut, 2022"
Niezwykle wygodny. Niezwykle wygodny.,vagstranda,"12 lut, 2022"
Rekomendacja Bardzo dobre materace. Polecam wszystkim.,vagstranda,"08 lut, 2022"
"materac super materac, wygodny w transporcie- zwiniÄ™ty, przyjemny w uÅ¼ytkowaniu. Polecam.",vagstranda,"07 lut, 2022"
"Super! Wysokiej jakoÅ›ci materac, bardzo wygodny",vagstranda,"20 sty, 2022"
Wygodny Wygodny,vagstranda,"17 sty, 2022"
"Wygodny materac, takiego szukaÅ‚em. Szkoda, Wygodny materac, takiego szukaÅ‚em. Szkoda, Å¼e nie moÅ¼na zdjÄ…Ä‡ pokrowca do prania :/",vagstranda,"17 sty, 2022"
"Komfort Polecam bardzo wygodny, dopasowujÄ…cy siÄ™ materac w poÅ‚Ä…czeniu z dobrej klasy koÅ‚drÄ… jest super...naprawdÄ™ moÅ¼na siÄ™ szybko wyspaÄ‡...",vagstranda,"13 sty, 2022"
ok ok,vagstranda,"09 gru, 2021"
Materac super :) Materac super :),vagstranda,"05 gru, 2021"
Super Wygodny. Polecam,vagstranda,"04 gru, 2021"
Bardzo wygodny materac. Bardzo wygodny materac.,vagstranda,"04 gru, 2021"
Satysfakcja Materac mega wygodny Polecam,vagstranda,"26 lis, 2021"
Materac bardzo wygodny i komfortowy Materac bardzo wygodny i komfortowy,vagstranda,"20 lis, 2021"
"Jestem zadowolona Wygodny. KupiÅ‚am twardy, jest w sam raz.",vagstranda,"20 lis, 2021"
Materac Materace z Ikea godne polecenia !,vagstranda,"20 lis, 2021"
Materac Niezbyt dobra jakoÅ›Ä‡,vagstranda,"15 lis, 2021"
"Rewelacyjny Bardzo wygodny materac,godny polecenia.",vagstranda,"15 lis, 2021"
Åšwietny polecam Åšwietny polecam,vagstranda,"14 lis, 2021"
Materac Bardzo wygodny,vagstranda,"14 lis, 2021"
"Super Bardzo komfortowy materac, Å›pi siÄ™ rewelacyjnie polecam",vagstranda,"14 lis, 2021"
Polecam Polecam,vagstranda,"11 lis, 2021"
"Materac bdb szkoda tylko, Å¼e Materac bdb szkoda tylko, Å¼e nie trzyma podanych wymiarÃ³w tzn. jest mniejszy",vagstranda,"07 lis, 2021"
Bardzo wygodny Bardzo wygodny,vagstranda,"03 lis, 2021"
Materac godny polecenia Bardzo wygodny materac. Odpowiednia skala twardoÅ›ci. Polecam.,vagstranda,"28 paÅº, 2021"
Jest mega bardzo wygodny polecam Jest mega bardzo wygodny polecam,vagstranda,"24 paÅº, 2021"
"zbyt miÄ™kki materac jest zalecany dla osÃ³b, ktÃ³re waÅ¼Ä… poniÅ¼ej 80 kg. Niestety totalnie nie sprawdza siÄ™ dla dwÃ³ch osÃ³b, jeÅ›li jedna osoba waÅ¼y ok. 55 a druga ciut poniÅ¼ej 80 kg. W momencie zmniejszania odlegÅ‚oÅ›ci miÄ™dzy osobami pojawia siÄ™ efekt, Å¼e ta lÅ¼ejsza osoba stacza siÄ™ w dÃ³Å‚ w kierunku tej ciÄ™Å¼szej. Masakryczne odczucie",vagstranda,"21 paÅº, 2021"
OK OK,vagstranda,"14 paÅº, 2021"
"polecam wcale nie taki twardy materac, przed zakupem radzÄ™ wymierzyÄ‡ sobie caÅ‚oÅ›ciowÄ… wysokoÅ›Ä‡ jakÄ… stworzy z dobranÄ… ramÄ…, bo moÅ¼e wyjÅ›Ä‡ bardzo wysoko",vagstranda,"09 paÅº, 2021"
"Polecam Wygodny, dobrej jakos i materac",vagstranda,"02 paÅº, 2021"
"Materac godny polecenia Materac rewelacja, miÄ™kki, wygodny, polecam.",vagstranda,"23 wrz, 2021"
super super,vagstranda,"17 wrz, 2021"
"Polecam Po zmianie z kanapy poczÄ…tkowo myÅ›laÅ‚em, Å¼e jest trochÄ™ za miÄ™kki (wybraÅ‚em materac Å›rednio twardy), jednak po kilku dniach siÄ™ przyzwyczaiÅ‚em i teraz czuje siÄ™ bardziej wyspany!",vagstranda,"16 wrz, 2021"
"Super wygodny Dla dorosÅ‚ych idealny, nie za miÄ™kki, nie za twardy. Åšpi siÄ™ na nim wspaniale.",vagstranda,"09 wrz, 2021"
"Materac jest OK, wygodny i Materac jest OK, wygodny i solidny",vagstranda,"30 sie, 2021"
Mega wygodny Mega wygodny,vagstranda,"30 sie, 2021"
"Polecam produkt Wygodny materac, idealny do Å‚Ã³Å¼ka malm, polecam",vagstranda,"27 sie, 2021"
Bardzo dobry materac Jeden z najlepszych materacy jaki kupiÅ‚em a dodatkowo w korzystnej cenie. Odpowiedni dla mnie facet 90 kg oraz Å¼ony - ok 50 kg. Polecam wszystkim ktÃ³rzy majÄ… za sobÄ… niewyspane noce na za miÄ™kkich materacach,vagstranda,"26 sie, 2021"
Nie jestem w peÅ‚ni zadowolona. Nie jestem w peÅ‚ni zadowolona.,vagstranda,"25 sie, 2021"
"materac Bardzo estetyczny, solidnie wykonany, super ukÅ‚ada siÄ™ do ciaÅ‚a, bardzo dobrze siÄ™ na nim Å›pi (dwie osoby z rÃ³Å¼nicÄ… wagi 40kg - nie odczuwa siÄ™ Å¼adnego dyskomfortu/zapadania etc), za te cenÄ™ bardzo dobry materac. JeÅ›li miaÅ‚abym siÄ™ czegoÅ› czepiaÄ‡ to jest doÅ›Ä‡ wysoki i miÄ™kki na obrzeÅ¼ach przez co mocno siÄ™ ugina pod ciÄ™Å¼arem ciaÅ‚a, no i jak na twardy materac jest moim zdaniem Å›rednio twardy, a nie twardy - poza tym wszystko super.",vagstranda,"23 sie, 2021"
ok ok,vagstranda,"18 sie, 2021"
"Materac Materac bardzo wygodny, dobrze wykonany. DoÅ›Ä‡ wysoki jak na materac.",vagstranda,"09 sie, 2021"
"Mega wygodny Polecam materac ukÅ‚ada siÄ™ idealnie, Å›pimy we dwÃ³jkÄ™ z rÃ³Å¼nicÄ… wagi 20 kg i materac idealnie z nami pracuje. MiaÅ‚am wÄ…tpliwoÅ›ci, Å¼e bÄ™dzie za twardy i wcale tak nie jest. Mam nadziejÄ™, Å¼e posÅ‚uÅ¼y nam w idealnym stanie kilka lat.",vagstranda,"08 sie, 2021"
"Super materac. Materac bardzo wygodny, polecam ten twardy.",vagstranda,"05 sie, 2021"
"Polecam WyÅ›mienity materac. BudzÄ™ siÄ™ wyspany. Jedna uwaga - na Å‚Ã³Å¼ku razem z Å‚Ã³Å¼kiem Malm jest wysoki, na granicy komfortu dla osoby 180cm.",vagstranda,"05 sie, 2021"
"Bardzo wygodny, wysoka jakoÅ›Ä‡ wykonania, Bardzo wygodny, wysoka jakoÅ›Ä‡ wykonania, polecam",vagstranda,"04 sie, 2021"
Zakup w 100% trafiony. Materac Zakup w 100% trafiony. Materac wygodny. Polecam serdecznie,vagstranda,"03 sie, 2021"
"Super, twardy, komfortowy materac Super, twardy, komfortowy materac",vagstranda,"26 lip, 2021"
Super wygodny materac. GorÄ…co polecam Super wygodny materac. GorÄ…co polecam,vagstranda,"21 lip, 2021"
Rewelacja Rewelacja,vagstranda,"16 lip, 2021"
Vagstranda Kapitalny materac!!,vagstranda,"13 lip, 2021"
Mial byc twardy Niestety jest bardziej miÄ™kki od poprzedniego suÅ‚tana ;) Jest tez maÅ‚y. Mimo ze ma 200cm ma z brzegow jeszcze miejsce. Brzegi materaca sa miÄ™kkie sÅ‚abo usztywnione,vagstranda,"12 lip, 2021"
materac LubiÄ™ to! :),vagstranda,"11 lip, 2021"
Super wygodny! Idealny takÅ¼e dla osÃ³b z problemami plecÃ³w,vagstranda,"07 lip, 2021"
Jest OK Jest OK,vagstranda,"01 lip, 2021"
Polecam Bardzo dobry materac,vagstranda,"23 cze, 2021"
Materac Bardzo dobry,vagstranda,"18 cze, 2021"
GorÄ…co polecam GorÄ…co polecam,vagstranda,"18 cze, 2021"
Fajny wysoki materac Fajny wysoki materac,vagstranda,"16 cze, 2021"
Materac speÅ‚niÅ‚ oczekiwania. Idealnie dopasowuje Materac speÅ‚niÅ‚ oczekiwania. Idealnie dopasowuje siÄ™ do krÄ™gosÅ‚upa. Åšwietny na bol krÄ™gosÅ‚upa.,vagstranda,"13 cze, 2021"
"TwardoÅ›Ä‡ materaca Åºle skategoryzowania, raczej TwardoÅ›Ä‡ materaca Åºle skategoryzowania, raczej miÄ™kki niÅ¼ twardy",vagstranda,"12 cze, 2021"
Polecam. Materac bardzo wygodny. Polecam. Materac bardzo wygodny.,vagstranda,"10 cze, 2021"
Materac Bardzo wygodny materac juÅ¼ 3 sztuka.,vagstranda,"10 cze, 2021"
Polecam Polecam,vagstranda,"03 cze, 2021"
"fajny materac Materac bardzo wygodny, ani zbyt twardy, ani zbyt miÄ™kki - w sam raz.",vagstranda,"02 cze, 2021"
Materac Super wygodny,vagstranda,"29 maj, 2021"
Spoko Spoko,vagstranda,"28 maj, 2021"
"Nie do koÅ„ca taki jak chcieliÅ›my TestowaliÅ›my z Å›liczniejszÄ… poÅ‚owicÄ… materace w sklepie. Egzemplarz na wystawie wydawaÅ‚ siÄ™ ok - twardy i stabilny. Jednak dostarczony, trzeba przyznaÄ‡, odbiega od niego. Materac o szerokoÅ›ci 160 jest zdecydowanie bardziej miÄ™kki. Im bliÅ¼ej krawÄ™dzi tym bardziej siÄ™ ugina. Przez to moÅ¼na nawet z niego spaÅ›Ä‡ (naprawdÄ™!) WydarzyÅ‚o siÄ™ gdy do Å‚Ã³Å¼ka zawitali mÅ‚odsi domownicy, ktÃ³rzy lubiÄ… spac w poprzek, zmuszajÄ…c rodzica do ""Å¼ycia na krawÄ™dzi"". Przeznaczenie materaca o szer. 160 cm okreÅ›liÅ‚bym dla singla, ale czy za ""tyle"" pieniÄ™dzy? Gdyby nie to, Å¼e nie ma jak go dostarczyÄ‡ do sklepu (bo wielki gabarytem i swoje waÅ¼y) to by siÄ™ go zwrÃ³ciÅ‚o. W obecnej chwili pozostaje chyba zÅ‚oÅ¼yÄ‡ stelaÅ¼ gvarv i poÅ‚oÅ¼yÄ‡ sam materac na podÅ‚odze. Na plus, trzeba przyznaÄ‡, Å¼e jest jakoÅ›ciowo jest caÅ‚kiem w porzÄ…dku. Jak dzieciaki przestanÄ… nachodziÄ‡ rodzicÃ³w moÅ¼e bÄ™dzie lepiej. Tylko kiedy to nastÄ…pi? :)",vagstranda,"19 maj, 2021"
"Polecam Wart polecenia, twardy, wysoki dobrze sie spi",vagstranda,"18 maj, 2021"
Bardzo wygodny materac Bardzo wygodny materac,vagstranda,"18 maj, 2021"
Wygodny Wygodny,vagstranda,"17 maj, 2021"
Åšwietny Åšwietny materac bardzo wygodny,vagstranda,"17 maj, 2021"
Kolejny materac kupiony w IKEA Kolejny materac kupiony w IKEA ktÃ³ry speÅ‚nia moje oczekiwania.,vagstranda,"16 maj, 2021"
Jestem bardzo rozczarowana tym materacem Jestem bardzo rozczarowana tym materacem gdyÅ¼ miaÅ‚ byÄ‡ bardzo podobny do hyllestad ktÃ³rego mam i jestem bardzo zadowolona a ten w ogÃ³le go nie przypomina. Jest okropnie sprÄ™Å¼ynowy jak starodawny dziadkowy tapczan. W ogÃ³le nie jestem zadowolona i kaÅ¼demu bym odradzaÅ‚a zakup tego modelu.,vagstranda,"14 maj, 2021"
Ok Ok,vagstranda,"12 maj, 2021"
super super,vagstranda,"10 maj, 2021"
DRAMAT W sklepie wydawaÅ‚o sie okej. W domu ten materac jest 10x twardszy niÅ¼ ten co testowaÅ‚am. Straszny bÃ³l plecÃ³w po 2 miesiacach spania na nim nie minÄ…! Nie polecam!,vagstranda,"10 maj, 2021"
Jest ok Jest ok,vagstranda,"07 maj, 2021"
"Bardzo dobry wysoki materac, (maÅ‚y Bardzo dobry wysoki materac, (maÅ‚y minus to to Å¼e nie pasuje na wszystkie przeÅ›cieradÅ‚a).",vagstranda,"03 maj, 2021"
Bardzo dobry materac dla ciÄ™Å¼kich ludzi Jestem bardzo zadowolona. Nie ugina siÄ™ za bardzo a jestem doÅ›Ä‡ ciÄ™Å¼ka. Wygodny.,vagstranda,"30 kwi, 2021"
"Fantastyczny materac, mega wygodny. Wart Fantastyczny materac, mega wygodny. Wart swojej ceny. Polecam.",vagstranda,"27 kwi, 2021"
Materac bardzo wygodny. Na poczÄ…tku Materac bardzo wygodny. Na poczÄ…tku bolaÅ‚y mnie plecy ale teraz jest ok. Polecam,vagstranda,"24 kwi, 2021"
Mega wygodny Mega wygodny,vagstranda,"23 kwi, 2021"
Materac super. CÃ³rka jest bardzo Materac super. CÃ³rka jest bardzo zadowolona.,vagstranda,"15 kwi, 2021"
"Bardzo wygodny materac! Szczerze polecam materac. SzukaliÅ›my z mÄ™Å¼em twardego pojedyÅ„czego materaca w rozm. 160 cm, aby byÅ‚ wygodny dla nas obojga. Nie chciaÅ‚am dwÃ³ch rÃ³Å¼nych. TrochÄ™ obawiaÅ‚am siÄ™, Å¼e dla mnie moÅ¼e byÄ‡ za twardy (mÄ…Å¼ jest 20 kg ciÄ™Å¼szy), ale niepotrzebnie. Codziennie rano wstajÄ™ i w koÅ„cu nie boli mnie krÄ™gosÅ‚up. Bardzo wygodny!",vagstranda,"12 kwi, 2021"
super super,vagstranda,"31 mar, 2021"
Super Bardzo wysoki i super elastyczny wygodny materac,vagstranda,"30 mar, 2021"
Materac Materac bardzo dobry (przynajmniej na razie) jestem zadowolona.,vagstranda,"14 mar, 2021"
Jest superğŸ™‚ Jest superğŸ™‚,vagstranda,"13 mar, 2021"
Wygodny Wygodny,vagstranda,"12 mar, 2021"
 Przyjemnie twardy. Godny polecenia,vagstranda,"18 lis, 2020"
 NajwyÅ¼sza jakoÅ›Ä‡,vagstranda,"10 lis, 2020"
 Super,vagstranda,"29 paÅº, 2020"
" Mega wygodny, idealny dla dwÃ³ch puszystych osÃ³b.",vagstranda,"28 paÅº, 2020"
" wygodny, polecam",vagstranda,"26 paÅº, 2020"
Super materac Wszystko ok,akrehamn,"29 paÅº, 2024"
polecam wygodny materac,akrehamn,"14 paÅº, 2024"
fajny materac dla dziecka Jest okej mi siÄ™ dobrze z dzieckiem Å›pi i dziecku siÄ™ dobrze Å›pi,akrehamn,"14 paÅº, 2024"
"Materac Akrehn Wygodny, ukÅ‚ada siÄ™ pod naciskiem ciaÅ‚a, moÅ¼na siÄ™ wyspaÄ‡ ğŸ‘",akrehamn,"14 wrz, 2024"
"MateraÄ‡ bardzo wygodny Materac jest bardzo wygodny, dopasowuje siÄ™ do ksztaÅ‚tu ciaÅ‚a, Å›pi siÄ™ na nim komfortowo. Rano nie chce siÄ™ wstawaÄ‡ :)",akrehamn,"07 wrz, 2024"
Materac Odpowiedni stosunek ceny do jakoÅ›ci,akrehamn,"11 lip, 2024"
"Jest ok Materac jedt twardy, natomiast sztuczne materiaÅ‚y powodujÄ… Å¼e siÄ™ pocisz",akrehamn,"01 lip, 2024"
"Bardzo wygodny materac Materac bardzo wygodny, dla osÃ³b, ktÃ³re majÄ… problem z krÄ™gosÅ‚upem. TwardoÅ›Ä‡ Å›rednia sprawia, Å¼e podczas snu krÄ™gosÅ‚up nie wygina siÄ™ nadmiernie i nie ma rano bÃ³lu.",akrehamn,"30 cze, 2024"
"Åšwietny To juÅ¼ drugi materac z tej serii, ktÃ³ry uÅ¼ytkuje, bardzo wygodny, zwÅ‚aszcza dla osÃ³b ktÃ³re lubiÄ… â€wtopiÄ‡ siÄ™â€ w materac",akrehamn,"25 cze, 2024"
"Super wygodny materac UÅ¼ywam tego modelu materaca od wielu lat, przyszedÅ‚ czas na nowy. I nadal sprawuje siÄ™ super! Polecam tym ktÃ³rzy majÄ… problemy z bolÄ…cymi plecami. Mi na tym materacu Å›pi siÄ™ super!",akrehamn,"14 maj, 2024"
Rewelacja Bardzo wygodny!,akrehamn,"13 maj, 2024"
Rewelacja Na problemy z krÄ™gosÅ‚upem idealny,akrehamn,"11 maj, 2024"
Bardzo dobry Super wygodny,akrehamn,"12 kwi, 2024"
Super materac Materac uÅ¼ytkujemy juÅ¼ blisko miesiÄ…c. Jest twardy. Ale bardzo przyjemny ğŸ™‚,akrehamn,"11 kwi, 2024"
"Dobry materac Solidny, pozwalajacy sie wyspac materac. Testowany miesiac, na ten moment moge polecic.",akrehamn,"02 kwi, 2024"
"Idealny Dla nas idealny, szukaliÅ›my materaca twardego, ktÃ³ry siÄ™ w ogÃ³le nie zapada jak siÄ™ na nim siada itd. I ten materac to strzaÅ‚ w 10! Dla nas jest niesamowicie wygodny. Polecamy tym, ktÃ³rzy szukajÄ… twardego materaca.",akrehamn,"02 kwi, 2024"
"Cudowny materac! To jest kolejny materac z Ikea w naszym domu, sÄ… niezwykle wygodne, solidne. Polecam!!",akrehamn,"01 kwi, 2024"
"Akrehamn materac DoskonaÅ‚a jakoÅ›Ä‡ skrÃ³ty, bardzo dobre wykonanie. Materac bardzo wygodny, bardzo. Polecam",akrehamn,"21 mar, 2024"
Wygodne podkÅ‚adki. PasujÄ… do krzeseÅ‚.,akrehamn,"28 lut, 2024"
"Wszystko gra. Drugi materac na drugie Å‚Ã³Å¼ko, dla mnie super. SzukaÅ‚em materaca ktÃ³ry pod ciÄ™Å¼arem 100kg bÄ™dzie dalej twardy.",akrehamn,"21 lut, 2024"
bardzo przyjemny materac bardzo dobrze wykonany,akrehamn,"17 sty, 2024"
"Mam 110 kg 186cm , jak dla mnie bardzo wygodny. Wygodny",akrehamn,"17 sty, 2024"
Super wygodnie Materac w wersji twardej jest bardzo wygodny.,akrehamn,"15 sty, 2024"
"Materac piankowy Materac polecam jest bardzo wygodny.DziÄ™ki aplikacji , ktÃ³ra pomogÅ‚a mi dokonaÄ‡ odpowiedniego wyboru polecam!",akrehamn,"11 sty, 2024"
"Dobry produkt , warto kupiÄ‡. FunkcjonalnoÅ›Ä‡ , bardzo dobra jakoÅ›Ä‡ , prosty montaÅ¼.",akrehamn,"08 sty, 2024"
"Jak dla mnie twarde i plecy rÃ³wnieÅ¼ mnie nie bolÄ… dlatego jedno gÅ‚oÅ›nie polecam ten materac Twardy materac jak dla osÃ³b, ktÃ³re bolÄ… plecy. Bardzo polecam",akrehamn,"07 sty, 2024"
ğŸ– Jak na razie dobrze i wygodnie siÄ™ Å›pi ( materac zakupiony miesiÄ…c temu),akrehamn,"27 lis, 2023"
"E. Wszystko w dobrym stanie dostarczone, produkty zgodne z oczekiwaniami.",akrehamn,"15 lis, 2023"
"Wygodny Kto lubi twarde materace, ten bÄ™dzie zadowolony. ÅšpiÄ™ na nim od dwÃ³ch tygodni i mam nadziejÄ™, Å¼e ten poziom komfortu siÄ™ utrzyma!",akrehamn,"13 lis, 2023"
Super Super,akrehamn,"11 lis, 2023"
na razie jest super! na razie jest super!,akrehamn,"02 lis, 2023"
super polecam super polecam,akrehamn,"20 paÅº, 2023"
"Materac SiostrÄ… zadowolona i skÅ‚ada reklamacjÄ™, Å¼e za dobrze jej siÄ™ Å›pi ğŸ˜€",akrehamn,"18 paÅº, 2023"
"Super wygodny, uÅ¼ytkujÄ™ okoÅ‚o 1 Super wygodny, uÅ¼ytkujÄ™ okoÅ‚o 1 miesiÄ…ca",akrehamn,"12 paÅº, 2023"
Produkt speÅ‚niÅ‚ moje oczekiwania i Produkt speÅ‚niÅ‚ moje oczekiwania i jestem zadowolona.,akrehamn,"09 paÅº, 2023"
"MogÅ‚abym leÅ¼eÄ‡ na nim caÅ‚y dzieÅ„ MogÅ‚abym leÅ¼eÄ‡ na nim caÅ‚y dzieÅ„ i caÅ‚Ä… noc :) Super, Å¼e moÅ¼na sobie na spokojnie wybraÄ‡ i potestowaÄ‡ w sklepie. Bez poÅ›piechu. JesteÅ›my ogromnie zadowoleni. Od miesiÄ…ca nie bolÄ… mnie plecy i nie wiem co to bÃ³l gÅ‚owy. Komfort Å¼ycia i snu, dziÄ™ki zmianie materaca ogromny. Nie wierzyÅ‚am, ale teraz wiem, Å¼e to moÅ¼liwe!",akrehamn,"28 wrz, 2023"
"Materac bardzo wygodny, speÅ‚niÅ‚ moje Materac bardzo wygodny, speÅ‚niÅ‚ moje oczekiwania.",akrehamn,"19 wrz, 2023"
Ok Ok,akrehamn,"12 lip, 2023"
Wygodny materac Wygodny materac,akrehamn,"06 lip, 2023"
super wyglÄ…da super wyglÄ…da,akrehamn,"04 lip, 2023"
"Najlepszy materac Jest to najlepszy materac, na jakim przyszÅ‚o nam spaÄ‡. Cena powala, ale warto zainwestowaÄ‡.",akrehamn,"03 lip, 2023"
"Materac piankowy Bardzo wygodny, inna jakoÅ›Ä‡ spania niÅ¼ dotychczas. SzczegÃ³lnie odpowiedni do problemÃ³w z krÄ™gosÅ‚upem, jakie mam.",akrehamn,"01 lip, 2023"
"Åšwietny materac Bardzo dobrej jakoÅ›ci materac. Åšwietnie podpiera krÄ™gosÅ‚up, jednoczeÅ›nie daje uczucie miÄ™kkoÅ›ci, nie wpija siÄ™ w ciaÅ‚o. Wygodny do spania na wznak, na boku i na brzuchu. SzukaÅ‚am materaca odpowiedniego dla mnie do mojego krÄ™gosÅ‚upa skrzywionego na wysokoÅ›ci krzyÅ¼owo lÄ™dÅºwiowej i ten materac okazaÅ‚ siÄ™ bardzo dobry. CzujÄ™ znaczne zwiÄ™kszenie komfortu i podparcia krÄ™gosÅ‚upa po kilku latach spania na sprÄ™Å¼ynowym materacu. Bardzo polecam.",akrehamn,"08 cze, 2023"
"Rewelacja Super siÄ™ na nim Å›pi, pokrowiec bez problemu moÅ¼na wybraÄ‡ .dla mnie rewelacja",akrehamn,"31 maj, 2023"
"Materac piankowy Serdecznie polecam. Materac twardy, wygodny, bez zbÄ™dnych sprÄ™Å¼yn. Sen przyjemny, bez bÃ³lu plecÃ³w.",akrehamn,"26 maj, 2023"
materac najlepszy jaki dotÄ…d kupiÅ‚am. Polecam,akrehamn,"16 maj, 2023"
Nareszcie siÄ™ wysypiam i wstaje Nareszcie siÄ™ wysypiam i wstaje bez bÃ³lu krÄ™gosÅ‚upa. Polecam!,akrehamn,"13 maj, 2023"
"Twardy, wygodny materac Twardy, wygodny materac. Mam przewlekÅ‚y problem z bÃ³lem plecÃ³w, materac uÅ¼ytkujÄ™ go od 4 m-cy wraz z poduszkÄ… ortopedycznÄ…. Wysypiam siÄ™, materac dobrze podpiera ciaÅ‚o, dziÄ™ki czemu poprawiÅ‚ siÄ™ komfort mojego snu. Sam pokrowiec jest nieco luÅºny, ale pÃ³ki co nie przesuwa siÄ™, tak jak miaÅ‚em w poprzednim materacu MYRBACKA.",akrehamn,"09 maj, 2023"
"Materac Materac bardzo wygodny, tylko trochÄ™ za drogi",akrehamn,"07 maj, 2023"
Ok Ok,akrehamn,"05 maj, 2023"
"Materac Materac jest wspanialy,,,miekki , wygodny.-czyli wszystko co wplywa na dobry sen. Zbigniew",akrehamn,"28 kwi, 2023"
Jest super Jest super,akrehamn,"25 kwi, 2023"
"Wygodny Po okoÅ‚o 3 miesiÄ…cach spania na materacu, uwaÅ¼am, Å¼e to byÅ‚ to dobry wybÃ³r. Polecam.",akrehamn,"15 kwi, 2023"
Super Super,akrehamn,"14 kwi, 2023"
Produkt speÅ‚nia oczekiwania. Produkt speÅ‚nia oczekiwania.,akrehamn,"11 kwi, 2023"
"Materac Bardzo wygodny, dobrze wykonany. Nie mam zastrzeÅ¼eÅ„.",akrehamn,"09 kwi, 2023"
"Materac jest bardzo ciÄ™Å¼ki i Materac jest bardzo ciÄ™Å¼ki i jest trochÄ™ kÅ‚opotu przy zakÅ‚adaniu przeÅ›cieradÅ‚a i obracaniu materaca przy odkurzaniu i czyszczeniu. Poza tym wygodny i lekko sprÄ™Å¼ysty. ByÅ‚oby super gdyby byÅ‚ trochÄ™ taÅ„szy, ale widocznie jakoÅ›Ä‡ zostaÅ‚a tak skalkulowana",akrehamn,"04 kwi, 2023"
Super Najlepszy materac jak dotÄ…d miaÅ‚am. Idealna twardoÅ›Ä‡.,akrehamn,"03 kwi, 2023"
Polecam Bardzo wygodny,akrehamn,"29 mar, 2023"
"Wygodny i lekki, polecam Wygodny i lekki, polecam",akrehamn,"28 mar, 2023"
Cienki i miÄ™kki. Nie tego Cienki i miÄ™kki. Nie tego siÄ™ spodziewaÅ‚am.,akrehamn,"12 mar, 2023"
Drogi ale komfortowy. Drogi ale komfortowy.,akrehamn,"02 mar, 2023"
"Materac wygodny, o odpowiedniej twardoÅ›ci Materac wygodny, o odpowiedniej twardoÅ›ci",akrehamn,"26 lut, 2023"
Super Super,akrehamn,"24 lut, 2023"
super super,akrehamn,"19 lut, 2023"
jest ok PrzemyÅ›laÅ‚am zakup i wybraÅ‚am wÅ‚aÅ›ciwy materac. Nie mam zastrzeÅ¼eÅ„. BudzÄ™ siÄ™ wyspana.,akrehamn,"10 lut, 2023"
Bardzo dobry Bardzo dobry,akrehamn,"06 lut, 2023"
Super DziÄ™ki konsultacja z fizjoterapeutÄ… Ikea udaÅ‚o mi siÄ™ dobrac idealny materac dla rodzicÃ³w.,akrehamn,"21 sty, 2023"
"BylejakoÅ›Ä‡, tandeta, droÅ¼yzna, maÅ‚y asortyment Asortyment i jakoÅ›Ä‡ - beznadziejne! Ceny z kosmosu. Brak obsÅ‚ugi! i DroÅ¼yzna nie adekwatna! brak czÄ™Å›ci zamiennych!!!",akrehamn,"21 sty, 2023"
"Materac idealny Mam kÅ‚opot z krÄ™gosÅ‚upem lÄ™dÅºwiowym dlatego zaleÅ¼aÅ‚o mi Å¼eby wybraÄ‡ materiaÅ‚ odpowiedni dla siebie wÅ‚aÅ›nie pod kÄ…tem dolegliwoÅ›ci plecÃ³w. No i siÄ™ udaÅ‚o. Moje plecy czujÄ… rÃ³Å¼nicÄ™, wreszcie Å›piÄ™ w nocy nie budzÄ…c siÄ™ kilka razy w ciÄ…gu nocy. TestujÄ™ go juÅ¼ 3 miesiÄ…c i czujÄ™ duÅ¼Ä… poprawÄ™. Do tego odpowiedniÄ… poduszka. Polecam. Baaardzo wygodny do spania.",akrehamn,"17 lis, 2022"
bardzo wygodny materac MAterac swietnie siÄ™ sprawdza nie za miÄ™kki nie za twardy,akrehamn,"26 paÅº, 2022"
super materac teraz juÅ¼ nie super materac teraz juÅ¼ nie bolÄ… plecy,akrehamn,"21 paÅº, 2022"
materac Jak do tej pory jestem bardzo zadowolona,akrehamn,"16 paÅº, 2022"
braÄ‡ z BELKÄ„ Koniecznie brac belkÄ™ niezaleznie co mÃ³wi ObsÅ‚uga bo sie inaczej Å‚Ã³Å¼ka nie zÅ‚oÅ¼y. MusiaÅ‚am drugi raz pÅ‚aciÄ‡ za przesyÅ‚kÄ™,akrehamn,"21 wrz, 2022"
Materac zgodny z opisem. Bardzo Materac zgodny z opisem. Bardzo konfortowy. Super sen.,akrehamn,"14 wrz, 2022"
"Materac rozchodzi siÄ™ na boki, Materac rozchodzi siÄ™ na boki, czyli skrajna sprÄ™Å¼yna jest za sÅ‚aba.",akrehamn,"10 wrz, 2022"
Wygodny Wygodny,akrehamn,"09 wrz, 2022"
super super,akrehamn,"05 wrz, 2022"
Bardzo wygodny. Materac bardzo wygodny i zapewnia komfort podczas snu. Polecam.,akrehamn,"22 sie, 2022"
Bardzo wygodny Bardzo wygodny,akrehamn,"02 sie, 2022"
"Super materac Dla mnie idealny nie za twardy nie za miÄ™kki , w sam raz ........i za bardzo rozsÄ…dna cenÄ™...w porÃ³wnaniu wÅ‚oskie materace za 4 to pieniÄ…dze wyrzucone w bloto",akrehamn,"23 lip, 2022"
super super,akrehamn,"20 lip, 2022"
Super Super,akrehamn,"11 lip, 2022"
"Polecam, wygodny materac. Pianka dopasowuje Polecam, wygodny materac. Pianka dopasowuje siÄ™ do ciaÅ‚a.",akrehamn,"10 cze, 2022"
Materac Bardzo fajny materac twardy.,akrehamn,"29 maj, 2022"
"Bardzo wygodny materac!!!! Nie za twardy, nie za miÄ™kki. Bardzo wygodnie siÄ™ Å›pi. SpeÅ‚niÅ‚ moje oczekiwania.",vatnestroem,"28 paÅº, 2024"
"Najlepszy wÅ›rÃ³d dostÄ™pnych materacy Bardzo dobry materac, o wygodnej dla mnie twardoÅ›ci i zadowalajÄ…cej jakoÅ›ci wykoÅ„czenia. Przyjemnie balansuje ciÄ™Å¼ar ciaÅ‚a, nie jest ani za miÄ™kki, ani nie uciska, ma siÄ™ wraÅ¼enie, Å¼e pracuje caÅ‚ym swoim przekrojem.",vatnestroem,"06 paÅº, 2024"
"Bardzo dobry produkt Rewelacyjny materac ,jesteÅ›my bardzo zadowoleni",vatnestroem,"21 lip, 2024"
"Super Pierwszy wybÃ³r materaca z IKEA byÅ‚ nietrafiony (materac okazaÅ‚ siÄ™ w rzeczywistosci duÅ¼o twardszy niÅ¼ ten w sklepie). PosÅ‚uchaliÅ›my wiÄ™c sugestii pracowniczki dziaÅ‚u z materacami i wymieniliÅ›my na ten, ktÃ³ry faktycznie okazaÅ‚ siÄ™ niezwykle wygodny.",vatnestroem,"11 mar, 2024"
Bardzo wygodny materac z wieloma warstwami amortyzujÄ…cymi. Towar byÅ‚ kupiony w dziale przecen. Ze wzglÄ™du na duÅ¼e rozmiary produkty uzyskaÅ‚em pomoc w dziale przecen jaki i w dziale obsÅ‚ugi klienta.,vatnestroem,"05 mar, 2024"
Polecam ! Polecam !,vatnestroem,"29 lis, 2023"
Jedyny problem w instalacji to Jedyny problem w instalacji to trudnoÅ›Ä‡ wniesienia przez standardowÄ… klatkÄ™ schodowÄ… i drzwi,vatnestroem,"27 paÅº, 2023"
ChoÄ‡ jest jest najdroÅ¼szym materacem ChoÄ‡ jest jest najdroÅ¼szym materacem w ofercie Ikea ale za to speÅ‚nia oczekiwania,vatnestroem,"08 paÅº, 2023"
Bardzo wygodny Bardzo wygodny,vatnestroem,"27 wrz, 2023"
materac jak dla mnie stanowczo za miekki chociaz oceniany jako twardy.,vatnestroem,"28 cze, 2023"
super materac super materac,vatnestroem,"28 cze, 2023"
"Spanie Jestem b. zadowolona, materac speÅ‚nia moje oczekiwania.",vatnestroem,"20 cze, 2023"
Materac Materac zakupiony z wystawki wyprzedaÅ¼owej. Jak na chwilÄ™ obecnÄ… jest wszystko dobrze.,vatnestroem,"07 cze, 2023"
Bardzo wygodny Bardzo wygodny,vatnestroem,"17 maj, 2023"
"Za miÄ™kki, mÃ³gÅ‚by byÄ‡ 2 Za miÄ™kki, mÃ³gÅ‚by byÄ‡ 2 stronny i taÅ„szy.",vatnestroem,"04 maj, 2023"
"Dobry produkt, przydaje siÄ™ bardzo Dobry produkt, przydaje siÄ™ bardzo",vatnestroem,"02 maj, 2023"
Dobre Najwygodniejszy z dotychczasowych,vatnestroem,"02 kwi, 2023"
;) ;),vatnestroem,"18 mar, 2023"
M Trudno znaleÅºÄ‡ gÃ³rÄ™ i dÃ³Å‚ produktu,vatnestroem,"14 lut, 2023"
"Rewalacyjny materac. Mamy dodatkowo jeszcze Rewalacyjny materac. Mamy dodatkowo jeszcze nakÅ‚adkÄ™ piankowÄ… i jakoÅ›Ä‡ spania doskonaÅ‚a. Mamy materac 180 x 200 I jest on duÅ¼y i dosyÄ‡ ciÄ™Å¼ki, naleÅ¼y wziÄ…Ä‡ to pod uwagÄ™ przy transporcie.",vatnestroem,"06 lut, 2023"
Komfort!! i wygoda!!polecam wszystkim Komfort!! i wygoda!!polecam wszystkim,vatnestroem,"04 sty, 2023"
Mega niewygodny Materac niby twardy ale zapada siÄ™ w niektÃ³rych miejscach . OdkÄ…d go kupiÅ‚am ani razu siÄ™ nie wyspalam,vatnestroem,"26 gru, 2022"
Pozytywnie Jestem zadowolona,vatnestroem,"25 lis, 2022"
"Materac Bardzo dobra jakoÅ›Ä‡ ,sprawdza siÄ™ w uÅ¼ytkowaniu zgodnie z opisem,polecam",vatnestroem,"22 paÅº, 2022"
"Bardzo wygodny materac, twardy, sprÄ™Å¼ysty. Bardzo wygodny materac, twardy, sprÄ™Å¼ysty.",vatnestroem,"13 wrz, 2022"
"Wielki, ciÄ™Å¼ki, twardy, ale wygodny, Wielki, ciÄ™Å¼ki, twardy, ale wygodny, osoba kÅ‚adÄ…ca siÄ™ lub wstajÄ…ca obok nie budzi mnie",vatnestroem,"11 sie, 2022"
Super Super,vatnestroem,"24 maj, 2022"
Super Jedyny minus to wysoka cena,vatnestroem,"21 maj, 2022"
Materac VATNESTROM Rewelacyjny materac,vatnestroem,"11 maj, 2022"
"Materac tak naprawdÄ™ nie jest Materac tak naprawdÄ™ nie jest twardy. JeÅ›li ktoÅ› poszukujÄ™ bardzo twardego materaca, to proponujÄ™ szukaÄ‡ dalej :) Szybko siÄ™ wyrabia. Pomimo tego Å›pi siÄ™ na nim komfortowo.",vatnestroem,"16 kwi, 2022"
"materac jest miÄ™kki jeÅ›li ktoÅ› lubi miÄ™kkie materace to OK, ale opisywaÄ‡ go jako twardy/bardzo twardy to trzeba nienawidzieÄ‡ swoich klientÃ³w. nie jest to Å‚atwa rzecz do transportu.",vatnestroem,"11 kwi, 2022"
Bardzo polecam. Åšpi siÄ™ Å›wietnie. Bardzo polecam. Åšpi siÄ™ Å›wietnie.,vatnestroem,"09 kwi, 2022"
Super Super wygodny. W sam raz twardy.,vatnestroem,"05 kwi, 2022"
Suuper Suuper,vatnestroem,"05 mar, 2022"
Wszystko ok Wszystko ok,vatnestroem,"01 mar, 2022"
"materac idealny materac. DziÄ™ki niemu przestaÅ‚ boleÄ‡ mnie krÄ™gosÅ‚up :) Jeden z niewielu, ktÃ³ry siÄ™ nie zwija, wiÄ™c lepiej zamÃ³wiÄ‡ dla niego transport.",vatnestroem,"20 gru, 2021"
"niewygodny Materac bardzo twardy i niewygodny, musiaÅ‚am go wymieniÄ‡.",vatnestroem,"17 lis, 2021"
super materac super materac,vatnestroem,"01 lis, 2021"
"super materac wygodny, komfortowy, najlepszy na jakim spaÅ‚am â¤ï¸",vatnestroem,"18 lip, 2021"
Zakupy plus smaczne produkty konsumpcyjne to sama przyjemnoÅ›Ä‡. Gratulujemy nowego wystroju sali konsumpcyjnej. Bardzo oryginalny wystrÃ³j a szczegÃ³lnie tabliczki na stoÅ‚ach dotyczÄ…ce dezynfekcji.,vatnestroem,"30 cze, 2021"
Znakomity materac Materac jest bardzo wygodny.,vatnestroem,"21 maj, 2021"
"Materac wygodny, Å›pi siÄ™ dobrze. Materac wygodny, Å›pi siÄ™ dobrze.",vatnestroem,"29 kwi, 2021"
Ok Ok,vatnestroem,"13 mar, 2021"
 Dla osob ktore nie spaly na materacu sprezynowym trzeba 3-4 dni by sie przyzwyczaic. B dobry materac dla osob z problemami kregoslupa /twardy/,vatnestroem,"20 paÅº, 2020"
 PeÅ‚en komfort!,vatnestroem,"08 paÅº, 2020"
" materac super, mega wygodny. Jedna uwaga, jest taki trik, Å¼e materac waÅ¼y ponad 50 kg, a z tego co pamiÄ™tam 51 i juÅ¼ nieÅ‚apie siÄ™ na pierwszy przedziaÅ‚ cenowy transportu. Dobrze o tym pamiÄ™taÄ‡, Å¼e koszta transportu sÄ… wyÅ¼sze. Na stronie nie byÅ‚o tej informacji, dopiero w sklepie na miejscu pracownik ikea poinformowÄ…Å‚ nas o tym niuansiku.",vatnestroem,"05 paÅº, 2020"
 Wygodny. WspaniaÅ‚y materac,vatnestroem,"27 wrz, 2020"
" 7 lat temu kupiÅ‚am w IKEI materac Sultan Haslum - bajka. Do dziÅ› nie zmieniÅ‚ swoich wÅ‚aÅ›ciwoÅ›ci, jest identyczny jak w dniu zakupu, wygodny i tego oczekiwaÅ‚am od nastÄ™pcy czyli Vatnestrom. Niestety nastÄ™pca, to jedna wielka poraÅ¼ka. MÄ™czÄ™ siÄ™ od miesiÄ…ca. Materac pokazowy w sklepie jest rÃ³wny, ten zaÅ› ktÃ³ry mam w domu wyraÅºnie zapada siÄ™ po Å›rodku (na wysokoÅ›ci poÅ›ladkÃ³w ) w efekcie czego sprÄ™Å¼yny, ktÃ³re sÄ… powyÅ¼ej z duÅ¼ym naciskiem ""atakujÄ…"" plecy /krÄ™gosÅ‚up lÄ™dÅºwiowy. WstajÄ™ obolaÅ‚a i zrozpaczona. GorÄ…co odradzam zakup tego bubla",vatnestroem,"21 wrz, 2020"
 naprawde czuje sie ze to naturalne produkty jestem zadowolona,vatnestroem,"04 wrz, 2020"
" jest bardzo twardy, zastanawiam siÄ™ czy go nie wymieniÄ‡. Wstajemy codziennie rano poÅ‚amani. Nie polecam. Zawsze miaÅ‚am twarde materac ale nie z Ikei-ten jest mega twardy.",vatnestroem,"10 sie, 2020"
 Materac po pierwszym poÅ‚oÅ¼eniu siÄ™ na nim wyraÅºnie siÄ™ zapadÅ‚ na Å›rodku i jest niÅ¼szy niÅ¼ na brzegach. Czy tak ma byÄ‡?,vatnestroem,"05 cze, 2020"
" Lepszego materaca nigdy nie miaÅ‚am. Ultrawygodny - ksztaÅ‚t dostosowuje siÄ™ do ciaÅ‚a. BudzÄ™ siÄ™ naprawdÄ™ wypoczÄ™ta, a mam powaÅ¼ne problemy z krÄ™gosÅ‚upem. W razie wÄ…tpliwoÅ›ci lepiej kupiÄ‡ twardszy materac, a gdyby okazaÅ‚ siÄ™ zbyt twardy moÅ¼na na wierzch poÅ‚oÅ¼yÄ‡ np. lateksowy cienki materacyk. Odwrotnie siÄ™ nie da. J",vatnestroem,"28 mar, 2020"
"DoskonaÅ‚y Materac jest bardzo wygodny, idealnie pasuje nam jego twardoÅ›Ä‡. Doskonale siÄ™ na nim wysypiamy, nie przenosi drgaÅ„. Drugi materac kupiliÅ›my dla cÃ³rki i jrÃ³wnieÅ¼ est bardzo zadowolona. Polecamy!!!",anneland,"14 paÅº, 2024"
"Twardy, Twardy, tak jak siÄ™ spodziewaliÅ›my, speÅ‚ni moje oczekiwania",anneland,"15 maj, 2024"
"Materace na ekspozycji w sklepie byÅ‚y dobre Jeszcze nie uÅ¼yte, moÅ¼e po kilku miesiÄ…cach spania naleÅ¼aÅ‚oby dodaÄ‡ tÄ™ opinie.",anneland,"10 kwi, 2024"
"Super Dlugi siÄ™ zastanawialiÅ›my i testowaliÅ›my w Ikea ktÃ³ry wybraÄ‡ i ten wygraÅ‚- Å›pi siÄ™ na nim cudownie , dopasowuje siÄ™ do ciaÅ‚a pod wplywm ciepla,ale z drugiej strony to materac twardy",anneland,"29 lut, 2024"
"Wygodny! JeÅ›li lubisz twarde, piankowe materace, to wyprÃ³buj ten. Nie wiem jak bÄ™dzie zachowywaÅ‚ siÄ™ z czasem, bo uÅ¼ytkujÄ™ od paru dni.",anneland,"01 lut, 2024"
super super,anneland,"29 sty, 2024"
"Materac Bardzo wygodny materac. Super siÄ™ Å›pi. Jedynie nie wygodnie siada siÄ™ na brzegu bo wtedy mocno siÄ™ ugina i czÅ‚owiek siÄ™ zsuwa. Trzeba siadaÄ‡ trochÄ™ gÅ‚Ä™biej. MÄ…Å¼ ma problemy z rwÄ… kulszowÄ…, a ten materac zapewnia mu odpowiednie podparcie i nie powoduje bÃ³lu.",anneland,"25 sty, 2024"
Bardzo dobry produkt Bardzo dobry materac,anneland,"18 gru, 2023"
"Materac Materac nie osiÄ…gnÄ…Å‚ parametrÃ³w ,mniejsza wysokoÅ›Ä‡ niÅ¼ podano, jeden rÃ³g zapadniÄ™ty, materiaÅ‚ na wierzchu pofalowany. ZwrÃ³ciÅ‚am",anneland,"05 gru, 2023"
Bardzo wygodny Ok,anneland,"30 lis, 2023"
"super nareszcie skoÅ„czyÅ‚y siÄ™ problemy z bÃ³lem krÄ™gosÅ‚upa rano - trochÄ™ byÅ‚o obaw przy zakupie, Å¼e za twardy, ale w trakcie pierwszego miesiÄ…ca uÅ¼ytkowania okazaÅ‚o siÄ™, Å¼e rano wstajemy mega wypoczÄ™ci polecam !!!",anneland,"10 lis, 2023"
Polecam :) Polecam :),anneland,"22 paÅº, 2023"
Materac speÅ‚nia moje oczekiwania . Materac speÅ‚nia moje oczekiwania . Jest wystarczajÄ…co twardy . Brzegi materaca faktycznie uginajÄ… siÄ™ ale nie jest to problemem.,anneland,"21 paÅº, 2023"
Bardzo wygodny materac! Bardzo wygodny materac!,anneland,"11 paÅº, 2023"
Bardzo dobry materac Bardzo dobry materac,anneland,"11 paÅº, 2023"
Materac jest rewelacyjny Polecam Materac jest rewelacyjny Polecam,anneland,"27 cze, 2023"
JakoÅ›Ä‡/ cena 10/10 Najlepszy chyba stosunek jakoÅ›ci i ceny. Mega wygodny niezaleÅ¼nie od wagi. Å»ona siÄ™ nie stacza w moja stronÄ™ ğŸ˜‚,anneland,"20 cze, 2023"
Rewelacyjny materac. Od kiedy na Rewelacyjny materac. Od kiedy na nim sypiam nie boli mnie biodro,anneland,"16 cze, 2023"
Super materac taki jakiego potrzebujÄ™ Super materac taki jakiego potrzebujÄ™ polecam,anneland,"14 cze, 2023"
"Zdecydowanie godny polecenia, jakoÅ›Ä‡ snu Zdecydowanie godny polecenia, jakoÅ›Ä‡ snu znacznie poprawiona",anneland,"13 cze, 2023"
"Materac za ponad 2,5tys na Materac za ponad 2,5tys na ktÃ³rym siÄ™ pÅ‚ywa, odgniata siÄ™.",anneland,"12 cze, 2023"
Super Super,anneland,"03 cze, 2023"
cena adekwatna do produktu Bardzo pozytywne odczucia.,anneland,"19 maj, 2023"
Super Super polecam wszystkim,anneland,"15 maj, 2023"
Materac jest bardzo wygodny. Materac jest bardzo wygodny.,anneland,"28 kwi, 2023"
"Bardzo wygodny Materac (wersja twarda) ogÃ³lnie bardzo wygodny, ale trochÄ™ bardziej miÄ™kki niÅ¼ model MYRBACKA, ktÃ³ry mieliÅ›my poprzednio. Poza tym brzegi materaca wydajÄ… siÄ™ bardziej miÄ™kkie niÅ¼ Å›rodek, trochÄ™ niemiÅ‚e odczucie.",anneland,"21 kwi, 2023"
"Bardzo wygodny materac, ukÅ‚ada siÄ™ Bardzo wygodny materac, ukÅ‚ada siÄ™ rewelacyjnie. Noc przespana :-)",anneland,"13 kwi, 2023"
Super Super,anneland,"01 kwi, 2023"
Materac Materac bardzo wygodny. Åšpi siÄ™ znakomicie.,anneland,"05 mar, 2023"
"Magda Cena rewelacja. KupiliÅ›my twardy matetac z poczÄ…tku byÅ‚o ciÄ™Å¼ko siÄ™ prYzwyczaiÄ‡ , ale tetaz jest ok",anneland,"03 mar, 2023"
Materac super Materac super,anneland,"27 lut, 2023"
Bardzo dobry MusiaÅ‚em siÄ™ przyzwyczaiÄ‡ bo kilkanaÅ›cie lat spaÅ‚em na twardej wersalce i na poczÄ…tku byÅ‚o dla mnie zbyt miÄ™kko :) Po kilku tygodniach jest Å›wietnie. OgÃ³lnie to byÅ‚ najtwardszy materac w IKEA ze wszystkich testowanych przeze mnie - ten niby najtwardszy byÅ‚ miÄ™kszy od tego.,anneland,"25 lut, 2023"
Superk90 Superk90,anneland,"13 lut, 2023"
"Polecam. Materac kupiony w promocji wiÄ™c jeszcze cena byÅ‚a do zakceptowania. Ale wart jest swojej ceny. Z poczÄ…tku trudno siÄ™ byÅ‚o do niego przyzwyczaiÄ‡, ale teraz nie mogÄ™ sobie wyobraziÄ‡ Å¼e mÃ³gÅ‚bym spaÄ‡ na starym zwykÅ‚ym materacu. Polecam.",anneland,"05 lut, 2023"
materac Super ale drogi,anneland,"02 lut, 2023"
Materac bardzo wygodny. Materac bardzo wygodny.,anneland,"29 sty, 2023"
"WyÅ›mienity nie odczuwasz Å¼e druga WyÅ›mienity nie odczuwasz Å¼e druga osoba siÄ™ przekrÄ™ca, bÄ…dÅº wstaje. Materac zwiniÄ™ty w sklepie w niewielkÄ… rolkÄ™ odksztaÅ‚ciÅ‚ siÄ™ do prawidÅ‚owej formy doÅ›Ä‡ szybko w parÄ™ godzin. Cena niÅ¼sza niÅ¼ tej klasy na rynku.",anneland,"18 gru, 2022"
"Materac Materac wygodny, twardy. MyÅ›lÄ™ o dokupieniu nakÅ‚adki ktÃ³rÄ… miaÅ‚am wczeÅ›niej.",anneland,"14 gru, 2022"
"NiÅ›ka Materac rewelacyjny,kupiÅ‚am 2 szt. niestety po rozpakowaniu okazaÅ‚ siÄ™ brudny,a nie mam moÅ¼liwoÅ›ci odwieÅºÄ‡ rozÅ‚oÅ¼onego",anneland,"27 lis, 2022"
Materac Powiem szczerze myÅ›laÅ‚em Å¼e bÄ™dzie bardziej wygodny.,anneland,"23 lis, 2022"
W peÅ‚ni speÅ‚nia oczekiwania. W peÅ‚ni speÅ‚nia oczekiwania.,anneland,"20 lis, 2022"
Materac wygodny ale... nie trzyma Materac wygodny ale... nie trzyma sztywnosci krawÄ™dzi i po podluÅ¼nych bokach zanadto siÄ™ ugina (uczucie Å¼e siÄ™ spadnie),anneland,"10 lis, 2022"
Komfortowy wypoczynek Po przebudzeniu na tym materacu czujÄ™ siÄ™ wypoczÄ™ta i w koÅ„cu bez bolu krÄ™gosÅ‚upa. Polecam,anneland,"26 paÅº, 2022"
Materac Anneland DoskonaÅ‚y. Bardzo wygodny. SpeÅ‚nia moje zamiejscowe.,anneland,"24 paÅº, 2022"
"PiÄ™knie wyglÄ…da, mega wygodny ğŸ‘ğŸ‘ğŸ‘ PiÄ™knie wyglÄ…da, mega wygodny ğŸ‘ğŸ‘ğŸ‘",anneland,"21 paÅº, 2022"
"Bardzo dobry materac uÅ¼ytkujÄ™ od 3 miesiÄ™cy i pÃ³ki co jestem bardzo zadowolona. materac jest taki, jaki powinien byÄ‡.",anneland,"04 paÅº, 2022"
"Spokojny sen Materac mam niecaÅ‚e 3 miesiÄ…ce i przyznajÄ™, Å¼e jest bardzo wygodny. Doskonale utrzymuje sylwetkÄ™, ktÃ³ra nie zapada siÄ™. Dobrze spi siÄ™ zarÃ³wno na plecach, na boku i na brzuchu. Generalnie jestem bardzo zadowolona.",anneland,"29 wrz, 2022"
Idealny materac Idealny materac,anneland,"24 wrz, 2022"
"Bardzo wygodny, zapewnia komfortowy sen. Bardzo wygodny, zapewnia komfortowy sen.",anneland,"23 wrz, 2022"
WspaniaÅ‚a gra dla caÅ‚ej rodziny WspaniaÅ‚a gra dla caÅ‚ej rodziny,anneland,"19 wrz, 2022"
Bardzo dobre. Bardzo dobre.,anneland,"10 wrz, 2022"
Materac Niestety materac nie jest tak twardy jak miaÅ‚ byÄ‡. JakoÅ›Ä‡ na plus. Mimo wszystko polecam.,anneland,"26 sie, 2022"
"Wygodny Wygodny, ale trzeba parÄ™ tygodni na przyzwyczajenie siÄ™ do twardszego materacu.",anneland,"28 lip, 2022"
Bardzo wygodny materac Bardzo wygodny materac,anneland,"26 lip, 2022"
"Materac wygodny, nie zamieniÄ™ naÅ¼aden Materac wygodny, nie zamieniÄ™ naÅ¼aden inny :)",anneland,"25 lip, 2022"
super materac super materac,anneland,"03 lip, 2022"
